开课院系	课程号	课序号	课程名	学分	任课教师	课容量	上课时间	上课周次	课程特色	选课说明
马克思主义学院	80680113	0	《德意志意识形态》研究	3	李成旺	20	34,35	全周		
人文学院	80615503	0	《说文》导读（下）	3	赵平安	25	32	全周		
人文学院	90610112	0	20世纪中西文学思潮比较专题	2	解志熙	25	42	全周		优先:人文学院学生选课
电子系	80230082	0	C/UNIX程序设计	2	汪玉	40	13	全周		先修C程序、操作系统
电子系	80230512	0	CDMA系统工程	2	粟欣	30	33	全周		先修通信原理、信号与系统
美术学院	80801952	0	e时代的设计革命	2	聂影	20	51,52	前八周		限:美术学院、美术学专业学生选课
经管学院	70510223	1	IT与组织	3	郭迅华	22	52	全周		优先:经管学院学生选课
经管学院	70510223	2	IT与组织	3	郭迅华	8	52	全周		限:经管学院工商管理专业学生选课；哥大项目课程
电机系	80220142	0	LabVIEW编程及虚拟仪器设计	2	王珅	32	16	全周		
电子系	80230312	0	MOS集成电路设计与实践	2	乔飞	40	16	全周		先修高等模拟集成电路、结构化集成电路设计、数字大规模集成电路设计
公管学院	90590113	0	NGO与公民社会：理论与实践	3	王名	20	33,34	全周		限:公管学院学生选课
微纳电子系	80260042	0	PLL设计与时钟/频率产生	2	李宇根	40	33	全周	全外文授课	优先:微纳电子系学生选课
生命学院	70450261	0	RNA生物学	1	戚益军	50	23	后八周		
微纳电子系	81020082	0	VLSI数字信号处理	2	刘雷波	40	26	全周		优先:微纳电子系学生选课
计算机系	80240573	0	Web与信息检索	3	张敏	30	42	全周	全外文授课	优先:留学生选课
法学院	80661933	0	WTO的争端解决机制	3	吕晓杰	40	52	全周	全外文授课挑战性学习课程	优先:法学院学生选课; 国际仲裁与争端解决项目
化学系	70440192	0	X-射线晶体结构分析	2	王泉明	13	31	全周		
美术学院	80800772	0	版画创作	2	代大权	10	13,14,33,3443,44,53,54	5-6周		限:美术学院、美术学专业学生选课
电子系	80230912	0	半导体能带工程	2	汪莱	30	52	全周		预修固体物理或半导体物理类课程
材料学院	80350382	0	薄膜物理与器件	2	曾飞	50	41	全周		
工业工程	80160443	0	贝叶斯统计方法	3	邓婉璐	15	26	全周		优先:工业工程、数学系学生选课；先修初等概率论、初等统计、应用线性回归
法学院	90660283	0	比较法专题研究	3	聂鑫	30	33,34	全周		优先:法学院学生选课；法学硕士/博士
法学院	80661262	0	比较环境法专题	2	邓海峰	25	21,22	前八周		优先:法学院学生选课；法学硕士;8:50-12:15上课
教研院	71030102	0	比较教育研究	2	钟周	20	12	全周		
社科学院	80610703	0	比较经济制度研究	3	高淑娟	15	41,42	1-12周		
社科学院	90610393	0	比较民主化	3	刘瑜	20	12,16	后八周		
法学院	80660913	0	比较宪法	3	刘晗	25	33,34	全周		优先:法学院学生选课；法学硕士
马克思主义学院	80680102	0	比较政治经济学：国家与市场	2	刘震	20	36	前八周		
公管学院	80591353	0	比较治理与发展实践	3	郑振清	50		前八周	全外文授课	限:公管学院学生选课；Only for IMPA、MIDG students
苏世民书院	60970063	0	毕业研究	3	程文浩	126		1-9,11-15周		网上不选课,多学期课程（秋春）,春季为第二学期,具体上课安排及时间以开课前通知为准
化工系	80340112	0	表面科学与多相催化	2	王德峥	30	13	全周	全外文授课	
材料学院	70350273	0	表面与界面	3	于荣	50	24,25	全周		
软件学院	84100142	0	并行程序设计	2	向东	30	32	全周		优先:软件学院学生选课
计算机系	70240263	0	并行计算	3	杨广文	70	13,14	全周		
医学院	84000532	0	病毒结构生物学概论	2	向烨	20	12,32	后八周		优先:医学院、生命学院、药学院学生选课
美术学院	80800652	0	玻璃艺术	2	王建中	20	13,14,53,54	5-8周		限:美术学院、美术学专业学生选课
金融学院	90640012	26	博士生英语	2	张为民	40	61,62	1-11周		限:金融学院学生选课; 9:30-12:00
外文系	90640012	1	博士生英语	2	赵英男	32	12	全周		美国电影研究之科幻专题
外文系	90640012	2	博士生英语	2	董洁	40	51	全周		学术论文发表于国际会议发言
外文系	90640012	3	博士生英语	2	高捷	40	31	全周		语境交流英语
外文系	90640012	4	博士生英语	2	高捷	40	32	全周		语境交流英语
外文系	90640012	5	博士生英语	2	高捷	40	51	全周		语境交流英语
外文系	90640012	6	博士生英语	2	高捷	40	52	全周		语境交流英语
外文系	90640012	7	博士生英语	2	郭茜	40	32	全周		论文写作与发表（需要有数据用以撰写研究论文）
外文系	90640012	8	博士生英语	2	何福胜	30	51	全周		高级英语交流（通用学术英语A类课程）
外文系	90640012	9	博士生英语	2	何福胜	30	52	全周		高级英语交流（通用学术英语A类课程）
外文系	90640012	10	博士生英语	2	沈明波	32	31	全周		中级英语文化交流;60-74.5之间
外文系	90640012	11	博士生英语	2	沈明波	32	32	全周		中级英语文化交流;60-74.5之间
外文系	90640012	12	博士生英语	2	杨芳	40	11	全周		学术英语听说与写作
外文系	90640012	13	博士生英语	2	杨芳	40	12	全周		学术英语听说与写作
外文系	90640012	14	博士生英语	2	杨芳	40	32	全周		学术英语听说与写作
外文系	90640012	15	博士生英语	2	Nicholas Lassi	40	11	全周		
外文系	90640012	16	博士生英语	2	Nicholas Lassi	40	12	全周		
外文系	90640012	17	博士生英语	2	Nicholas Lassi	40	31	全周		
外文系	90640012	18	博士生英语	2	Nicholas Lassi	40	32	全周		
外文系	90640012	19	博士生英语	2	Nicholas Lassi	40	51	全周		
外文系	90640012	20	博士生英语	2	Nicholas Lassi	40	52	全周		
外文系	90640012	21	博士生英语	2	颜奕	40	12	全周		学术写作与演讲
外文系	90640012	22	博士生英语	2	颜奕	40	31	全周		学术写作与演讲
外文系	90640012	23	博士生英语	2	颜奕	40	32	全周		学术写作与演讲
外文系	90640012	24	博士生英语	2	颜奕	40	51	全周		学术写作与演讲
外文系	90640012	25	博士生英语	2	颜奕	40	52	全周		学术写作与演讲
外文系	90640012	27	博士生英语	2	王红利	40	52	全周		英汉对比学术英语写作
经管学院	90510712	0	博士生专业发展专题	2	陈煜波	10		全周		网上不选课
数学系	60420214	0	不确定规划	4	刘宝碇	90	21,42	全周		
航院	80330452	0	材料的力学行为	2	方菲	20	41	全周		
材料学院	70350362	0	材料辐照效应	2	李正操	50	23	全周		
化学系	80440283	0	材料化学导论	3	李强	45	23,24	全周		
材料学院	90350011	0	材料科学前沿	1	王晓慧	150	54	全周		
材料学院	80350732	0	材料热物理学性能原理及应用	2	万春磊	50	35	全周		
材料学院	80350722	0	材料设计	2	陈浩	50	56	全周		
材料学院	70350073	0	材料显微结构分析方法	3	钟虓	50	26	全周		
材料学院	80350181	0	材料英文科技写作	1	Godfrey Andrew William	50	55	前八周		
金融学院	80602141	1	财富管理与私人银行	1	高皓	40	13,14	前八周		14:00-16:30
金融学院	80602141	2	财富管理与私人银行	1	高皓	10	13,14	前八周		限:经管学院金融专业学生选课; 14:00-16:30
新闻学院	80670833	0	财经新闻数据挖掘与分析	3	Lee J.miller	40	52	全周	全外文授课	限:新闻学院学生选课
经管学院	80513812	0	财务报表分析	2	罗玫	60	31,32	后八周		限:经管学院金融专业学生选课; 8:50上课
金融学院	80601132	1	财务报表分析	2	赵小鹿	43	31,32	1-11周		限:金融学院学生选课；9:00-11:30
金融学院	80601132	2	财务报表分析	2	赵小鹿	43	33,34	1-11周		限:金融学院学生选课; 14:00-16:30
经管学院	80515253	1	财务报表分析与股权估值	3	罗玫	10	13,14,41,42	后八周	全外文授课	限:经管学院工商管理专业学生选课；哥大项目课程,周四8:50上课
经管学院	80515253	2	财务报表分析与股权估值	3	罗玫	11	13,14,41,42	后八周	全外文授课	限:工商管理专业学生选课；mim同学选课，周四8:50上课
经管学院	80515253	3	财务报表分析与股权估值	3	罗玫	22	13,14,41,42	后八周		限:经管学院硕士学生选课; 优先:会计专业学生选课; 周四08:50上课
苏世民书院	80970061	0	财务报告与分析	1	Jake Cohen	50	12,22,32,42	6-7周	全外文授课	优先:苏世民书院学生选课；密集授课,9:50-11:25上课,具体教室信息请于开课前登陆网络学堂查看公告
工业工程	80168102	0	产品开发管理	2	张伟	50	61,62,63,6471,72,73,74	4,7周		限:工程管理硕士学生选课; 上课时间地点最终以院系通知为准
经管学院	80511673	0	产业组织理论	3	White Alexander Cowles	20	15,16	1-12周		优先:经管学院学生选课；18:30上课
经管学院	80510912	2	产业组织与分析	2	White Alexander Cowles	5	35,36	前八周	全外文授课	限:工商管理专业学生选课；18:45-22:00上课
物理系	80430124	0	超导物理	4	赵永刚	35	24,52	全周		
精仪系	80130512	0	超快光学	2	肖晓晟	17	42	全周		
电子系	80230902	0	超快光学	2	郑小平	30	53	全周		预备激光原理,或量子电子学,或非线性光学知识
生命学院	80450571	0	成像技术在信号转导研究中的应用	1	刘万里	10	11,12	9-12周		先修基础免疫学,有一定科研经验.建议博士生三年级以上选
建筑学院	70000261	0	城市改造理论与实践	1	张杰	60	52	后八周		
建筑学院	80001121	0	城市工业用地更新与工业遗产保护	1	刘伯英	40	41	前八周		
环境学院	80050371	0	城市降雨径流管理：理论与实践	1	贾海峰	40	13	后八周	全外文授课	
建筑学院	70000502	0	城市经济学	2	邵磊	50	14	全周		
建筑学院	70000142	0	城市历史与理论	2	吴唯佳	60	31	全周		
建筑学院	80000491	0	城市社会学研究专题	1	张杰	60	42	后八周		
苏世民书院	80974102	0	城市研究	2	Nigel John Thrift	25	23,43	1-7周	全外文授课	优先:苏世民书院学生选课；13:30-15:05上课,3月16、23日周五第三大节(13:30-15:05)加课。教室信息于开课前登陆网络学堂查看公告
建筑学院	80000221	0	城市政策与法规	1	吴唯佳	40	42	前八周		
建筑学院	80001224	0	城乡规划设计系列课2：总体城市设计	4	钟舸	40	33,34	全周		
建筑学院	Y0000111	0	城乡规划学术前沿	1	吴唯佳	40	13,21	2-5周		
公管学院	80591401	0	冲突管理	1	夏诚华	40	66	后八周		限:公管学院学生选课
经管学院	60610162	5	初级汉语	2	岳瑶	30	13	全周		经管国际进修生选课Only for Exchange Students of SEM
人文学院	60610162	1	初级汉语	2	张怡	25	11	全周		秋季学期分级考试:0-15分（A卷）Fall semester Placement Test：0-15（Paper A）
人文学院	60610162	2	初级汉语	2	张怡	25	12	全周		国际进修生（零基础）选课preferentially for Exchange Students（Beginner）
人文学院	60610162	3	初级汉语	2	李园	25	31	全周		秋季学期分级考试:16-30分（A卷） Fall semester Placement Test：16-30（Paper A）
人文学院	60610162	4	初级汉语	2	李园	25	32	全周		秋季学期分级考试:31-45分（A卷） Fall semester Placement Test：31-45（Paper A）
人文学院	60610162	6	初级汉语	2	邵煜	25	33,34	2-9周		网上不选课,Only for ALEF Program Students of DTE
人文学院	60610162	7	初级汉语	2	周树君	25	11,31	前八周		网上不选课,Only for IMBA Program Students of SEM
新闻学院	80670693	0	传播学理论研究	3	史安斌	40	22	全周		
新闻学院	70670112	0	传播学研究方法	2	卢嘉	25	22	全周	全外文授课	限:新闻学院学生选课
新闻学院	70670212	0	传媒研究	2	彭兰	35	13,14,41,42	3-6周		信息艺术设计交叉学科硕士必修
美术学院	80800134	0	传统陶瓷工艺研究	4	郑宁	10	13,14,33,3443,44,53,54	13-16周		限:美术学院、美术学专业学生选课
经管学院	60510102	0	创办新企业	2	高建	60	26	2-12周		网上不选课
社科学院	70612972	0	创新管理与战略	2	吴金希	30	26	3-13周		
经管学院	80513682	0	创业实验室	2	杨德林	65	12	1-11周		限:工商管理专业、会计专业学生选课；mim项目、会计项目
经管学院	90510302	0	创业研究	2	李习保	15	51,52	前八周		优先:经管学院学生选课; 9:00上课
社科学院	80700681	0	创意精英与决策分析 （下）	1	韩磊	30	33	单周		清华霍普金斯双硕士项目课程
人文学院	70690232	0	從文學到文本：一個認識論的考察	2	汪晖	25	13,14	前八周		
软件学院	74100202	0	大规模多媒体信息管理与检索	2	丁贵广	60	23	全周		优先:软件学院学生选课
微纳电子系	81020032	0	大规模集成电路测试方法学概论	2	何虎	40	31	全周		优先:微纳电子系学生选课
数学系	70420023	0	大规模科学计算	3	陈俊清	20	52	全周		
交叉信息院	80470113	0	大规模数据分析专题	3	林常乐	20	52	全周	全外文授课	优先:交叉信息院学生选课
美术学院	80801042	0	大画幅摄影实践与研究	2	冯建国	15	13,14,33,34	13-16周		优先:美术学院学生选课
土木系	80030112	0	大跨及高层结构体系	2	石永久	40	41	全周		
环境学院	70050353	0	大气化学传输模型	3	邢佳	30	42	全周	全外文授课	
地学系	80460133	0	大气气溶胶与云物理	3	彭怡然	40	22	全周		
环境学院	70050022	0	大气污染防治原理	2	段雷	40	16	全周		
环境学院	80050302	0	大气污染控制工程案例分析	2	王书肖	40	23	全周		
电机系	80220442	0	大容量多电平电力电子变换器原理及控制	2	李永东	30	31,52	前八周		
社科学院	60700033	0	大数据分析（A）	3	郑路	100	63,64	全周		
计算机系	80240632	0	大数据分析与处理	2	朱文武	85	16	全周		
经管学院	60510202	1	大数据管理与创新	2	陈煜波	25	15,16	前八周		限:经管学院工商管理专业学生选课；哥大项目课程,18:30上课
经管学院	60510202	2	大数据管理与创新	2	陈煜波	20	15,16	前八周		限:经管学院金融专业学生选课；18:30上课
经管学院	60510202	4	大数据管理与创新	2	陈煜波	15	15,16	前八周		限:硕士学生选课; 18:30上课
经管学院	60510202	5	大数据管理与创新	2	陈煜波	15	15,16	前八周		网上不选课，X-lab学生创新力提升证书项目线下选课，请联系X-lab报名。18:30开始上课
自动化系	60250131	0	大数据科学与应用系列讲座	1	李军	100	34	全周		
计算机系	80240693	0	大数据系统导论	3	陈文光	20	23,24	全周	全外文授课	优先:留学生选课
公管学院	80591342	0	大数据治理与政策	2	孟庆国	150	35,36	1-10周		全校学生可选
能动系	80148032	0	大型燃煤电站锅炉设计与应用	2	张缦	10	32,52	前八周		
教研院	81030012	0	大学文化研究	2	王晓阳	30	31	全周		
数学系	70420464	0	代数几何2	4	孙晟昊	10	23,51	全周		
数学系	70420304	0	代数拓扑	4	李思	20	24,34	全周		
生命学院	90450161	0	代谢稳态调控研讨	1	王一国	20	24	前八周		
生命学院	70450242	0	蛋白质晶体学实验	2	王新泉	50	16	全周		
建筑学院	80000841	0	当代城市规划与设计	1	刘健	30	13	后八周	全外文授课	
美术学院	80800782	0	当代水墨实验	2	陈辉	15	13,14,33,3443,44,53,54	3-4周		限:美术学院、美术学专业学生选课
外文系	70612112	0	当代西方学术前沿专题讲座	2	王宁	20	11	全周		
社科学院	80700662	0	当代中国政府与政治	2	于晓虹	30	32	3-13周		
人文学院	80690433	0	德国古典哲学	3	范大邯	20	56	全周		
电子系	80230882	0	低维半导体量子器件基础	2	郝智彪	40	42	全周		预备固体物理、量子力学的基本知识
工物系	80320202	0	低温等离子体物理最新进展	2	蒲以康	20	13	全周		
土木系	80030592	0	地基处理与复合地基	2	徐明	30	43,44	双周		
地学系	80460143	0	地理空间分析与生态应用	3	司亚丽	40	23,24	全周	全外文授课	
建筑学院	80000382	0	地理信息系统工程应用	2	周文生	20	51	全周		
土木系	70030183	0	地理信息系统原理及应用	3	刘钊	30	16	全周		
地学系	80460172	0	地球系统的自然灾害和扰动	2	Venevski Sergej	40	13	全周	全外文授课	
地学系	70460053	0	地球系统模式导论	3	王斌	40	32	全周		
地学系	70460082	0	地球系统模式试验	2	刘利	40	33	全周		
地学系	80460122	0	地球信息科学导论	2	白玉琪	40	33	全周		
水利系	80040072	0	地下结构工程	2	徐千军	15	23,24	前八周		
环境学院	70050172	0	地下水污染控制理论与治理工程	2	李广贺	40	13,24	前八周		
外文系	70640092	0	第二外国语(法语)	2	Maxime Hermand	20	21,41	全周		
物理系	70430184	0	第一原理计算方法	4	徐勇	30	11,34	全周		
电子系	80230142	0	电磁波传播	2	张志军	30	16	全周		先修电磁场理论、通信原理
电机系	70220092	0	电磁测量选论	2	赵伟	20	24	全周		
电机系	70220022	0	电磁场数值计算	2	袁建生	30	52	全周		
电子系	80231023	0	电磁逆问题的理论与方法	3	李懋坤	40	22	全周		先修电磁场理论,数值分析,电磁场数值解法
电机系	80220162	0	电磁暂态分析	2	何金良	45	13	全周		
能动系	80140313	0	电化学能量转化与储存	3	史翊翔	15	16	全周	全外文授课	
化学系	80440093	0	电化学原理	3	邱新平	10	36,53,54	后八周		
电机系	80220432	0	电机与电力电子系统数字控制技术	2	郑泽东	30	13	全周		
电机系	80220332	0	电力系统复杂性与大电网安全技术	2	梅生伟	50	51	全周		
电机系	80220292	0	电力系统广域监测与控制	2	程林	42	24	全周		
电机系	70220172	0	电力系统理论与分析	2	闵勇	52	52	全周		
电机系	80220211	0	电气工程仿真技术	1	宋强	35	44	双周		
微纳电子系	81020172	0	电源管理集成电路	2	姜汉钧	40	14	全周		优先:微纳电子系学生选课
电子系	80231012	0	电子工程及其他领域中的化学	2	鲍捷	30	52	5-15周		
软件学院	84100122	0	电子商务概论	2	覃征	70	16,42	前八周		优先:软件学院学生选课
材料学院	80350392	0	电子陶瓷性能测试技术	2	岳振星	50	32	全周		
电子系	90230021	1	电子学与通信学科前沿（2）	1	杨华中	85	33,34	2-16周		请光电、线路、微波、图信所同学选1班；通信、信检所同学选2班
电子系	90230021	2	电子学与通信学科前沿（2）	1	陈巍	85	33,34	2-16周		请通信、信检所同学选2班；光电、线路、微波、图信所同学选1班
公管学院	70590652	1	电子政务	2	孟庆国	35	25,26,43,44	4-7周		网上不选课
公管学院	70590652	2	电子政务	2	孟庆国	40	55,56	7-16周		限:公管学院学生选课
美术学院	80800812	0	雕塑空间研究	2	许正龙	20	13,14,33,34	13-16周		限:美术学院、美术学专业学生选课
美术学院	80801292	0	雕塑形态研究	2	陈辉	15	43,44,53,54	1-4周		限:美术学院、美术学专业学生选课
美术学院	80800842	0	雕塑综合材料研究	2	董书兵	15	43,44,53,54	13-16周		限:美术学院、美术学专业学生选课
工物系	80320422	0	迭代图像重建算法	2	李亮	25	26,53	后八周		
周培源数学中心	80490062	0	定量地震学	2	孙卫涛	20	34	全周		
地学系	80460082	0	定量环境遥感技术	2	俞乐	40	22	全周		
教研院	91030083	0	定量教育研究方法（高级）	3	张羽	30	32	全周	外文授课≥50%挑战性学习课程混合式教学	
公管学院	90590343	0	定量研究方法II	3	韩廷春	40	32	全周		限:公管学院学生选课
数学系	70420254	0	动力系统	4	薛金鑫	20	14,33	全周		
数学系	70420054	0	动力系统基础	4	Le Calvez	10	13,53	全周	全外文授课	
自动化系	80250152	0	动态系统故障诊断与容错控制	2	何潇	20	33,34	前八周		
公管学院	60590003	0	独立研究	3	彭宗超	65		前八周		限:公管学院学生选课；Only for MID2016、MIDG2016、IMPA2017
航院	60330053	0	断裂力学	3	刘彬	40	12	全周		
公管学院	80591511	0	对话杰出领导	1	彭宗超	30	71	前八周		限:公管学院学生选课
水利系	70040074	0	多孔介质流体动力学及其应用	4	尚松浩	20	13,14	全周		
计算机系	70240133	0	多媒体计算机技术	3	孙立峰	30	23,24	全周		
自动化系	80250192	0	多媒体技术与应用	2	胡坚明	80		1-4周		限:工程硕士学生选课
数学系	80428143	0	多元统计分析	3	李东风	25	12	全周		限:应用统计专业学生选课
社科学院	80615432	0	俄罗斯外交思想与实践	2	吴大辉	20	11	全周		优先:政治学专业学生选课
外文系	80640772	0	儿童语言研究专题讨论课	2	周鹏	15	52	全周		
航院	70310213	0	发动机结构强度设计	3	Yuan Huang	10	24,25	全周		
汽车系	70150312	0	发动机热流体与节能	2	张扬军	30	23,24	前八周		
生命学院	80450532	0	发育细胞生物学： 发育过程中的细胞基石	2	Pastor Pareja Jose Carlos	50	32	全周	全外文授课	
经管学院	80510102	0	发展经济学	2	施新政	20	42	1-12周		优先:经管学院学生选课
社科学院	70611353	0	发展社会学	3	孙立平	30	26	全周		
公管学院	80590902	0	发展实践专题讲座II	2	彭宗超	50	21,41	前八周	全外文授课	优先:公管学院学生选课
公管学院	80591072	0	发展战略与规划	2	杨永恒	40	23,24,53,54	4-7周		网上不选课
社科学院	80700122	0	发展政治经济学	2	庞珣	30	32	全周	全外文授课	英文考核/英文阅读材料
社科学院	80700311	0	发展中国家研究学术论文写作	1	张传杰	6		双周		发展中国家项目的学生
苏世民书院	80977042	0	发展中国家政治经济学分析	2	Barbara B.Stallings	25	12,32	8-9,11-13周	全外文授课	优先:苏世民书院学生选课；9:50-12:15上课,具体教室信息请于开课前登陆网络学堂查看公告
法学院	80660322	0	法和经济学	2	崔国斌	25		全周	全外文授课	网上不选课.多伦多大学法学院院长开设讲座式课程
法学院	90660093	0	法理学专题研究(2)	3	高其才	20	12,22	前八周		优先:法学院学生选课；法学硕士/博士
法学院	80660262	0	法律文书	2	黄新华	103	51	全周	实践课	网上不选课
法学院	80661731	0	法律写作、编辑和出版（1）	1	龙俊	20		前八周	混合式教学	网上不选课
法学院	80662003	0	法律英文写作 II	3	梁翠宁	20	56	全周	外文教材中文授课	网上不选课,先修法律英文写作I
法学院	80661543	0	法律与伦理	3	冯象	30	23,24,33,34	前八周		优先:法学院学生选课；研究生/高年级本科生
外文系	90640082	0	翻译研究概论	2	余石屹	20	53	全周		
数学系	80420144	0	泛函分析（II）	4	步尚全	25	21,41	全周		
数学系	70420674	0	范畴学简介	4	孔良	10	16,36	全周		
经管学院	80512952	1	房地产金融与投资	2		70	71,72,7374,75	3-5,8周		限:经管学院金融专业学生选课；3,4,5,8周上课，8:50-12:15,14:20-17:50上课
经管学院	80512952	2	房地产金融与投资	2		10	71,72,7374,75	3-5,8周		限:金融学院金融专业学生选课；3,4,5,8周上课，8:50-12:15,14:20-17:50上课
土木系	70910102	0	房地产市场分析	2	杨赞	30	52	全周	全外文授课	限:土木系学生选课；管理科学与工程专业及项目管理领域研究生选
土木系	80910152	0	房地产投资	2	吴璟	20	33,34	后八周		优先:土木系管理科学与工程专业学生选课
土木系	80910062	0	房地产投资项目评估与案例分析	2	刘洪玉	30	23,24	后八周		优先:土木系管理科学与工程专业学生选课
美术学院	80801072	0	纺织材料应用与创新研究	2	杨静	20	41,42	前八周		限:美术学院、美术学专业学生选课
自动化系	80250833	0	飞行控制系统	3	张涛	30	12	全周		
航院	80310193	0	飞行器材料与结构	3	姚学锋	20	24,25	全周		
精仪系	80130143	0	非线性光纤光学	3	杨昌喜	18	32	全周		
航院	80330163	0	非线性振动	3	赵治华	30	33	全周		
公管学院	90590313	0	非营利管理前沿	3	邓国胜	20	23,24	全周		限:公管学院学生选课
公管学院	80591082	1	非营利组织管理	2	王名	40	21,22,45,46	4-7周		网上不选课
公管学院	80591082	2	非营利组织管理	2	王名	80	61,62	后八周		限:公管学院学生选课
环境学院	80050112	0	废水生物处理的过程控制与自动监测	2	邱勇	40	53	全周		
环境学院	70050262	0	废水生物处理的数学模型与新技术	2	施汉昌	40	23	全周		
计算机系	70240063	0	分布式数据库系统	3	冯铃	30	13,14	全周		
计算机系	80240613	0	分布式系统导论	3	陈康	20	52	全周	全外文授课	优先:留学生选课
化工系	70340142	0	分离过程	2	汤志刚	30	13	全周		
化工系	80340512	0	分离技术最新进展	2	骆广生	20	32	1-14周	全外文授课	与墨尔本大学合作的c-campus课程,授课时段:2月28日至5月30日,11次讲座，每次2小时
数学系	70420604	0	分析学	4	何凌冰	20	12,31	全周		
生命学院	80450462	0	分子进化与生命起源	2	朱听	25	53,54	前八周	全外文授课	
生命学院	90450073	0	分子细胞生物学专题讨论	3	俞立	60	23,24,43,44	全周		优先:生命学院、医学院学生选课；专为PTN,CLS项目开设,其他学生勿选
建筑学院	80001193	0	风景园林规划设计（三）	3	刘海龙	40	12	前八周		
建筑学院	80001203	0	风景园林规划设计（四）	3	刘海龙	40	12	后八周		
建筑学院	90000101	0	风景园林学研究前沿	1	朱育帆	10	13	后八周		
医学院	84001091	0	风湿病进展	1	徐沪济	10	32	前八周		限:临床医学专业学生选课
医学院	84001082	0	风湿病与免疫学基础	2	徐沪济	10	25	全周		限:临床医学专业学生选课
经管学院	80513822	1	风险管理	2	谢群	20	63,64	前八周	全外文授课	限:经管学院金融专业学生选课；13:30-16:55上课
经管学院	80513822	2	风险管理	2	谢群	10	63,64	前八周	全外文授课	限:金融学院金融专业学生选课；13:30-16:55上课
工物系	60320073	0	风险评估理论与方法	3	申世飞	30	32	全周		
经管学院	80514242	1	风险投资与私募股权	2	王晖	70	51,52,5354,55	7,9,11,13周		限:经管学院金融专业学生选课；8:50-12:15,14:20-17:50上课
经管学院	80514242	2	风险投资与私募股权	2	王晖	10	51,52,5354,55	7,9,11,13周		限:金融学院金融专业学生选课；8:50-12:15,14:20-17:50上课
人文学院	80690123	0	佛教经典选读	3	圣凯	20	32	全周		
人文学院	80690473	0	弗雷格的语言哲学	3	Jiang Yunpen Asher	30	36	全周		
美术学院	80800582	0	服务设计专题研究	2	付志勇	30	23,24	前八周		优先:美术学院学生选课
美术学院	80800481	0	服装商品企划的方法与流程	1	贾玺增	15	31,32	1-4周		限:美术学院、美术学专业学生选课
美术学院	80800062	0	服装综合造型研究	2	臧迎春	20	23,24,53,54	13-16周		限:美术学院、美术学专业学生选课
核研院	71010342	0	辐射技术在环境保护中的应用	2	王建龙	40	12	全周		
医学院	84000913	0	妇产科学	3	廖秦平	20	36	全周		限:临床医学专业学生选课
电子系	80230742	0	复杂网络理论与应用	2	袁坚	40	23,24	后八周		
电子系	80230652	0	概率图模型理论及应用	2	欧智坚	40	23	全周		
医学院	84000883	0	肝胆外科学进展	3	董家鸿	2	62,63,64	双周		限:临床医学专业学生选课
土木系	80030543	0	钢－混凝土组合结构	3	聂建国	30	52	全周		
土木系	80030072	0	钢结构的断裂与疲劳分析	2	王元清	20	26	全周		
土木系	70030122	0	钢结构稳定理论及应用	2	郭彦林	30	12	全周		
土木系	70030103	0	钢筋混凝土原理	3	陶慕轩	30	53,54	全周		
航院	80310523	0	高超声速实验技术	3	徐胜利	5	46	全周		
能动系	60140014	0	高等传热学	4	符泰然	40	13,33	全周		
工物系	70320143	0	高等反应堆热工分析	3	黄善仿	30	33,34	全周		
航院	80310162	0	高等飞行器结构设计	2	郑钢铁	15	16	全周		
化学系	70440223	0	高等分析化学	3	张新荣	30	52	全周		
数学系	70420074	0	高等概率	4	Le Jan	10	14,33	全周	全外文授课	
工业工程	90160173	0	高等概率论II	3	刘汉中	30	32	全周	外文教材中文授课	有概率论基础的理科生选
航院	90330063	0	高等固体力学	3	吴坚	30	26	全周		
工物系	70320402	0	高等核电子学	2	邓智	20	32	全周		
化工系	70340063	0	高等化工热力学	3	于养信	30	12	全周		
环境学院	70050323	0	高等环境化学	3	黄俊	30	12	全周	全外文授课	
航院	70330064	0	高等计算流体力学	4	任玉新	30	13,31	全周		先修计算流体力学
教研院	91030072	0	高等教育发展战略与评估专题研讨课	2	王战军	15	53,54	后八周		
教研院	91030032	0	高等教育管理专题研究	2	林健	12	13,14	前八周		优先:教研院学生选课
教研院	81030183	0	高等教育评估	3	Coates Hamish Bennett	25	23,24	全周	全外文授课	
教研院	81030113	0	高等教育史	3	叶富贵	25	22	全周		
土木系	80030602	0	高等结构动力学	2	纪晓东	30	12	全周		
航院	70310063	0	高等空气动力学	3	张宇飞	25	52	全周		
交叉信息院	80470214	0	高等理论计算机科学	4	李建	10	12	全周	全外文授课	优先:交叉信息院学生选课
交叉信息院	80470163	0	高等量子信息学	3	Kim Kihwan	30	22	全周	全外文授课	优先:交叉信息院学生选课
航院	70330044	0	高等流体力学	4	彭杰	25	24,41	全周		先修流体力学,粘性流体力学
汽车系	70150063	0	高等内燃机学	3	帅石金	30	22	全周		
物理系	80430623	0	高等实测天体物理	3	李成	30	23,24	全周		
航院	60330093	0	高等实验固体力学	3	谢惠民	15	54,55	全周		
工业工程	90160213	0	高等数理统计 II	3	Yang Lijian	20	22	全周	外文教材中文授课	上过高等数理统计I
水利系	70040104	0	高等水工结构	4	金峰	35	31,32	全周		
工业工程	70160624	0	高等统计计算	4	邓柯	40	24,42	全周	外文教材中文授课	优先:工业工程、数学系学生选课
工业工程	90160233	0	高等统计选讲（II）	3	朱宇	20	33,34	全周		优先:工业工程学生选课
水利系	70040092	0	高等土力学	2	于玉贞	20	46	全周	全外文授课	适合留学生
水利系	70040094	0	高等土力学	4	于玉贞	40	16,36	全周		
航院	70310233	0	高等推进测试技术及实验	3	张会强	30	16	全周		
化学系	70440033	0	高等无机化学	3	王晓青	30	52	全周		
物理系	60430104	1	高等物理实验专题	4	宁传刚	50	13,14,15,16	后八周		
物理系	60430104	2	高等物理实验专题	4	宁传刚	50	23,24,25,26	后八周		
药学院	74000322	0	高等药理学	2	肖百龙	20	53	全周		优先:药学院、医学院、生命学院学生选课
工业工程	80160172	0	高等质量管理学	2	王凯波	35	52	全周	外文教材中文授课	优先:工业工程学生选课
化工系	80340012	0	高分子前沿讲座	2	和亚宁	50	54	全周		
自动化系	80250631	0	高级IT项目管理	1	李清	80		1-4周		限:工程硕士学生选课
经管学院	70510163	0	高级财务会计	3	谢德仁	2		全周		网上不选课
计算机系	80240442	0	高级操作系统	2	陈渝	50	23	全周		
环境学院	80050233	0	高级废水处理工程	3	文湘华	30	14,15	全周	全外文授课	
经管学院	90510203	0	高级公司财务理论	3	何平	30	13,53	1-12周		优先:经管学院学生选课；
经管学院	90510733	0	高级管理会计研究专题	3	陈晓	10	33,34	5-16周		优先:经管学院学生选课
人文学院	60610182	1	高级汉语	2	李继先	25	52	全周		秋季学期分级考试:76-95分（A卷）/36-59 分（B卷） Placement Test：76-95（Paper A）/36-59（Paper B）
人文学院	60610182	2	高级汉语	2	朱文韬	25	11,31	前八周		网上不选课,Only for IMBA Program Students of SEM
经管学院	70510283	0	高级宏观经济学	3	武康平	40	14,15	全周		优先:经管学院学生选课
金融学院	90600213	1	高级宏观经济学II	3	白金辉	22	23,24	全周		限:金融学院学生选课; 14:00-16:30
金融学院	90600213	2	高级宏观经济学II	3	白金辉	22	26	全周		限:金融学院学生选课; 19:00-21:30
经管学院	90510402	0	高级宏观经济学IIa	2	刘庆	32	45,46	前八周		优先:经管学院学生选课；18:30上课
经管学院	90510443	0	高级宏观经济学IIC	3	欧阳敏	20	13,14,15	前八周		优先:经管学院学生选课
经管学院	90510113	0	高级会计理论	3	陈旗	15		全周		限:经管学院学生选课
计算机系	80240603	0	高级机器学习	3	唐杰	60	36	全周		
经管学院	90510043	0	高级计量经济学II	3	洪圣杰	30	23,24	5-16周		限:理论经济学、应用经济学、工商管理、管理科学与工程专业学生选课
金融学院	90600233	1	高级计量经济学II	3	金涛	22	53,54	全周		限:金融学院学生选课; 14:00-16:30
金融学院	90600233	2	高级计量经济学II	3	金涛	22	56	全周		限:金融学院学生选课; 19:00-21:30
金融学院	90600162	0	高级金融前沿问题研究I	2	康以同	50	63,64	全周		限:金融学院学生选课; 14:00-16:30
生命学院	70450252	0	高级认知的神经生物学	2	钟毅	30	13	全周		
计算机系	80240703	0	高级算法设计与分析	3	Chen Ting	50	12	全周		
计算机系	80240663	0	高级网络管理	3	裴丹	30	33,34	全周	全外文授课	优先:留学生选课
经管学院	90510063	0	高级微观经济学II	3	胡贤华	70	22	全周		优先:经管学院学生选课
金融学院	90600263	1	高级微观经济学II	3	周臻	22	41,42	全周		限:金融学院学生选课; 9:00-11:30
金融学院	90600263	2	高级微观经济学II	3	周臻	22	66	全周		限:金融学院学生选课; 18:00-20:30
医学院	84000333	0	高级微生物学	3	张敬仁	30	53,54	全周		优先:医学院、生命学院、药学院学生选课
社科学院	80708012	0	高级心理测量	2	钱静	25		全周		限:应用心理专业学生选课
苏世民书院	60971051	0	高级英语II	1	William Chad Futrell	30	11,21,31,41	1-9,11-15周	全外文授课	限:苏世民书院学生选课；具体教室信息请于开课前登陆网络学堂查看公告。具体时间以通知为准
经管学院	80512043	1	高级应用数理统计	3	杨柳	70	13,14	全周		优先:经管学院学生选课
经管学院	80512043	2	高级应用数理统计	3	王纯	25	23,24	全周		限:经管学院工商管理专业学生选课；哥大项目课程,14:30上课
经管学院	70510053	0	高级运筹学	3	梁湧	20	21,22	1-12周		优先:经管学院学生选课; 8:30上课
生命学院	80450502	0	高级植物生物学	2	戚益军	50	33	全周		
经管学院	90510193	0	高级资本市场理论	3	张丽宏	30	33,34	1-12周		优先:经管学院学生选课
工物系	80320433	0	高亮度电子束物理及应用	3	颜立新	20	33,34	全周		
工物系	80320253	0	高能天体物理	3	冯骅	25	52	全周		
工物系	70320113	0	高速旋转机械和转子动力学	3	张小章	20	53,54	全周		
工业工程	80160473	0	高维统计分析	3	林乾	20	12	全周		优先:工业工程学生选课
工物系	70320193	0	高温等离子体物理	3	高喆	20	52	全周		
工物系	80320193	0	高温等离子体诊断技术	3	王文浩	15	33,34	全周		
核研院	81010202	0	高温气冷堆技术	2	李富	50	23	全周	全外文授课	优先:核研院、工物系学生选课
电子系	80230872	0	高效微波功率放大器设计	2	陈文华	30	24	全周		先修微波与光波技术基础
软件学院	74100233	0	高性能计算机互连理论与方法	3	向东	30	12	全周		优先:软件学院学生选课
电机系	80220272	0	高压输电技术	2	周远翔	32	51	全周		
美术学院	80801702	0	工笔人物画研究	2	刘临	10	13,14,33,3443,44,53,54	2-3周		限:美术学院、美术学专业学生选课
电机系	80220342	0	工程博弈论	2	刘锋	50	41	全周		
土木系	60910021	0	工程管理前沿	1	唐文哲	40	36	前八周		
工业工程	60168022	1	工程管理中的财务与投资	2	Zhu Wanshan	50	61,62,63,6471,72,73,74	11,14周		限:工程管理专业学生选课; 上课时间地点以院系最终通知为准
工业工程	60168022	2	工程管理中的财务与投资	2	Zhu Wanshan	50	61,62,63,6471,72,73,74	12,15周		限:工程管理专业学生选课; 上课时间地点以院系最终通知为准
工业工程	60168022	3	工程管理中的财务与投资	2	Zhu Wanshan	50		2周		限:工程管理专业学生选课; 上课时间地点以院系最终通知为准
工业工程	60168052	1	工程管理中的定量分析方法	2	姜海	50	61,62,63,6471,72,73,74	2,5周		限:工程管理专业学生选课; 上课时间地点以院系最终通知为准
工业工程	60168052	2	工程管理中的定量分析方法	2	黄四民	50	61,62,63,6471,72,73,74	3,8周		限:工程管理专业学生选课; 上课时间地点以院系最终通知为准
工业工程	60168052	3	工程管理中的定量分析方法	2	王凯波	50		8周		限:工程管理专业学生选课; 上海班学生上课，时间地点以院系最终通知为准
工业工程	60168052	4	工程管理中的定量分析方法	2	赵晓波	50		8周		限:工程管理专业学生选课; 上课时间地点以院系最终通知为准
法学院	60660032	0	工程管理中的法律	2	吴伟光	135		1周		优先:工业工程工程管理硕士生选课
工业工程	60168042	1	工程管理中的市场与营销	2	于瑞峰	50	51,52,55,56	2,5,11,14周		限:工程管理专业学生选课; 上课时间地点以院系最终通知为准
工业工程	60168042	2	工程管理中的市场与营销	2	于瑞峰	50	51,52,55,56	3,8,12,15周		限:工程管理专业学生选课; 上课时间地点以院系最终通知为准
工业工程	60168042	3	工程管理中的市场与营销	2	于瑞峰	50		15周		限:工程管理专业学生选课; 上海班学生上课，时间地点以院系最终通知为准
工业工程	60168042	4	工程管理中的市场与营销	2	于瑞峰	50		7周		限:工程管理专业学生选课; 上课时间地点以院系最终通知为准
土木系	80030303	0	工程结构耐久性与状态评估	3	李克非	20	32	全周		
水利系	70040283	0	工程流体力学专题	3	茅泽育	20	52	全周		
土木系	80910022	0	工程项目环境影响评价	2	李小冬	25	46	1-10周		
土木系	80910131	0	工程与管理最佳实践	1	方东平	25	43,44	10,12,14,16周	全外文授课	
工业工程	80160363	0	工程与技术管理	3	何方	55	53,54	全周	全外文授课	优先:工业工程学生选课
工业工程	90160133	0	工业工程博士生研讨课	3	赵晓波	150	42	全周		网上不选课
工业工程	60160021	0	工业工程伦理	1	马靓	60	46	双周	外文教材中文授课	优先:工业工程学生选课
软件学院	74100052	0	工作流技术基础	2	王建民	50	36	全周		优先:软件学院学生选课
工业工程	80160022	0	工作组织	2	于瑞峰	45	53,54	双周		优先:工业工程学生选课
工业工程	80168232	1	工作组织与人力资源管理	2	马靓	50	41,42,44,45	2,5,11,14周		限:工程管理硕士学生选课; 上课时间地点最终以院系通知为准
工业工程	80168232	2	工作组织与人力资源管理	2	马靓	50	41,42,43,44	3,8,12,15周		限:工程管理硕士学生选课; 上课时间地点最终以院系通知为准
工业工程	80168232	3	工作组织与人力资源管理	2	马靓	50		3周		限:工程管理专业学生选课; 上海班学生上课，时间地点以院系最终通知为准
工业工程	80168232	4	工作组织与人力资源管理	2	马靓	50		11周		限:工程管理硕士学生选课; 上课时间地点最终以院系通知为准
公管学院	70590103	1	公共管理	3	钟玮	60	11,12,33,34	11-16周		网上不选课
公管学院	70590103	2	公共管理	3	程文浩	80	61,62	全周		限:公管学院学生选课
公管学院	70590103	3	公共管理	3	吕孝礼	80	61,62	全周		限:公管学院学生选课
公管学院	80590931	0	公共管理前沿I	1	王名	40	66	1-6周		限:公管学院学生选课
公管学院	80590892	1	公共事务伦理	2	贾西津	60	23,24,51,52	11-14周		网上不选课
公管学院	80590892	2	公共事务伦理	2	贾西津	80	63,64	1-10周		限:公管学院学生选课
公管学院	80590892	3	公共事务伦理	2	贾西津	80	65,66	1-10周		限:公管学院学生选课
社科学院	80615242	0	公共外交：全球和比较的视角	2	赵可金	30	16	全周		限:政治学专业学生选课
公管学院	60590021	0	公共危机管理	1	彭宗超	40	14	前八周		非公共管理专业学生选课
医学院	80661653	0	公共卫生法	3	王晨光	25		全周		限:公共卫生专业学生选课
美术学院	80800031	0	公共性雕塑	1	胥建国	20	43,44,53,54	11-12周		限:美术学院、美术学专业学生选课
公管学院	80590861	0	公共演说	1	彭宗超	30	73,74	4-8周		限:公管学院学生选课
公管学院	90590033	0	公共政策II	3	朱旭峰	50	52	全周		限:公管学院学生选课
公管学院	70590013	0	公共政策分析	3	朱俊明	50	42,53,54	后八周	全外文授课	限:公管学院学生选课；直博兼修项目、跨文化交流项目的同学请于预选期间到公管学院报名选课
公管学院	70590193	1	公共政策分析（MPA）	3	薛澜	60	31,32,53,54	11-16周		网上不选课
公管学院	70590193	2	公共政策分析（MPA）	3	钟玮	85	71,72	全周		限:公管学院学生选课
公管学院	70590193	3	公共政策分析（MPA）	3	Lan Gerald Z	85	71,72	全周		限:公管学院学生选课
公管学院	70590193	4	公共政策分析（MPA）	3	朱旭峰	55	33,34	全周		限:公管学院学生选课
公管学院	90590023	0	公共政策前沿－国际政治经济分析	3	彭宗超	50	26,52	前八周	全外文授课	优先:公管学院学生选课
苏世民书院	80974022	0	公共组织战略管理	2	程文浩	45	12,32	11-15周	全外文授课	优先:苏世民书院学生选课；9:50-12:15上课,具体教室信息请于开课前登陆网络学堂查看公告
经管学院	80512682	1	公司并购	2	陆瑶	70	11,12	后八周		限:经管学院金融专业学生选课；8:50-12:15上课
经管学院	80512682	2	公司并购	2	陆瑶	10	11,12	后八周		限:金融学院金融专业学生选课；8:50-12:15上课
经管学院	80512682	4	公司并购	2	Lee Hoan Soo	5	73,74	前八周	全外文授课	限:工商管理专业学生选课；14:00-17:25上课,2周伟伦404,3、8周伟伦409
法学院	80662173	0	公司法理论与实践	3	朱慈蕴	70	23,24	5-16周		优先:法学院学生选课；法律硕士/高年级本科生
网络研究院	84120062	0	公钥密码算法实现	2	樊海宁	60	32	全周		
社科学院	80700703	0	功能磁共振成像实验	3	孙沛	20	16	全周		
化学系	80440293	0	功能高分子化学	3	许华平	40	33,34	全周		
人文学院	80613592	0	古希腊文献阅读	2	张绪山	25	16	全周		
经管学院	80514233	1	固定收益证券与利率模型	3	Wang Hao	65	21,22	1-12周	全外文授课	限:经管学院金融专业学生选课; 8:50上课
经管学院	80514233	2	固定收益证券与利率模型	3	Wang Hao	5	21,22	1-12周	全外文授课	限:应用经济学专业博士生选课; 8:50上课
金融学院	80601473	0	固定收益证券与利率模型	3	史英哲	50	26	全周		限:金融学院学生选课; 19:00-21:30
环境学院	70050102	0	固体废物控制工程	2	刘建国	40	32	全周		
环境学院	70050092	0	固体废物资源化工程	2	王伟	40	13,24	后八周		
物理系	60430044	0	固体理论	4	段文晖	35	21,42	全周		
电子系	80230814	0	固体物理	4	熊兵	35	11,32	全周		先修量子力学
工业工程	60168032	1	管理经济学	2	刘大成	50	61,62,63,6471,72,73,74	11,14周		限:工程管理专业学生选课; 上课时间地点以院系最终通知为准
工业工程	60168032	2	管理经济学	2	刘大成	50	61,62,63,6471,72,73,74	12,15周		限:工程管理专业学生选课; 上课时间地点以院系最终通知为准
工业工程	60168032	3	管理经济学	2	刘大成	50		10周		限:工程管理专业学生选课; 上课时间地点以院系最终通知为准
经管学院	90510721	0	管理科学和信息系统研究中的计量模型	1	谭勇	20		16周		优先:经管学院学生选课
经管学院	90510681	0	管理科学与工程学科研讨课（二）	1	杨柳	15	32	前八周		优先:经管学院学生选课
经管学院	90510633	0	管理研究方法II	3	陈晓	30	21,22	5-16周		优先:经管学院学生选课；8:50上课
经管学院	90510563	0	管理与组织进阶专题：文化双融观点	3	吴蕊	30	34,35	1-12周		优先:经管学院学生选课
美术学院	80801353	0	光 空间和视觉秩序	3	袁佐	15	13,14,33,3443,44,53,54	1-3周		限:美术学院、美术学专业学生选课
材料学院	70350212	0	光电材料	2	周济	50	53	全周		
电子系	80230092	0	光电子学进展	2	陈宏伟	60	12	全周		
化学系	70440162	0	光化学原理	2	张复实	12	21,41	前八周		
精仪系	80130093	0	光栅的电磁场理论	3	李立峰	18	21,41	1-14周	全外文授课	
电子系	80230682	0	光子晶体与光学微腔基础	2	张巍	45	13	全周		先修电动力学、量子力学
物理系	70320264	0	规范场论	4	王青	25	12,33	全周		
法学院	70660452	0	国际法	2	贾兵兵	35	31,32	前八周	全外文授课	优先:法学院学生选课；研究生/高年级本科生;8:50-12:15上课;授课内容国际争端解决
社科学院	70612322	0	国际关系理论经典著作选读	2	漆海霞	30	33	全周		优先:政治学专业学生选课
社科学院	80700492	0	国际关系实证分析	2	庞珣	30	33	全周		优先:政治学专业学生选课
法学院	80660103	0	国际经济法学	3	车丕照	45	42	全周		优先:法律硕士(JM)学生选课；法律硕士和高年级本科生选课
经管学院	90510363	0	国际经济学II	3	马弘	20	53,54	1-12周		优先:经管学院学生选课
苏世民书院	80970072	0	国际商业与发展战略	2	程文浩	30	14,34	8-9,11-15周	全外文授课	优先:苏世民书院学生选课；15:20-16:55上课,5月11、18日周五第二大节（10:40-12:15）加课。教室信息于开课前登陆网络学堂查看公告
法学院	80660093	0	国际私法学	3	陈卫佐	55	52	全周		优先:法律硕士(JM)学生选课；法律硕士和高年级本科生选课
法学院	70660443	0	国际私法研究	3	李旺	25	46	全周		优先:法律硕士(JM)学生选课；法律硕士和高年级本科生选课
新闻学院	80670393	0	国际新闻采访与写作	3		30	16	全周		
法学院	80661193	0	国际知识产权条约	3	冯术杰	35	12	全周	全外文授课	优先:法学院学生选课；法学/法律硕士
法学院	80661803	0	国际仲裁案例研修	3	郑若骅	40		全周	全外文授课挑战性学习课程	优先:法学院学生选课; 国际仲裁与争端解决项目
法学院	80661812	0	国际仲裁裁决的执行	2	Albert Jan Van Den Berg	40		全周	全外文授课挑战性学习课程	优先:法学院学生选课; 国际仲裁与争端解决项目
社科学院	90700023	0	国际组织与全球治理专题研讨	3	陈琪	15	36	全周		优先:政治学专业学生选课
地学系	80460072	0	海气相互作用	2	Wright Jonathon Stanley	40	23	全周	全外文授课	
法学院	90660163	0	海商法专题研究	3	傅廷中	20	22	全周		优先:法学院学生选课；法学博士
美术学院	80800942	0	汉唐宋元文化史文献讲读	2	李静杰	30	61,62	前八周		
新闻学院	80670713	0	汉英新闻编译	3	关娟娟	30	36	全周	外文授课≥50%	
外文系	80640542	0	汉英语法对比分析	2	何宏华	20	13	全周		
苏世民书院	60971061	1	汉语102	1	李芝芳	20	11,21,31,41	1-9,11-15周	外文教材中文授课	限:苏世民书院学生选课；具体教室信息请于开课前登陆网络学堂查看公告。具体时间以通知为准
苏世民书院	60971061	2	汉语102	1	蒋小杰	20	13,23,33,42	1-9,11-15周	外文教材中文授课	限:苏世民书院学生选课；具体教室信息请于开课前登陆网络学堂查看公告。具体时间以通知为准
苏世民书院	60971061	3	汉语102	1	李芝芳	20	14,24,34,44	1-9,11-15周	外文教材中文授课	限:苏世民书院学生选课；具体教室信息请于开课前登陆网络学堂查看公告。具体时间以通知为准
苏世民书院	60971071	1	汉语202	1	崔若望	20	11,21,31,41	1-9,11-15周	外文教材中文授课	限:苏世民书院学生选课；具体教室信息请于开课前登陆网络学堂查看公告。具体时间以通知为准
苏世民书院	60971071	2	汉语202	1	崔若望	20	13,23,33,43	1-9,11-15周	外文教材中文授课	限:苏世民书院学生选课；具体教室信息请于开课前登陆网络学堂查看公告。具体时间以通知为准
苏世民书院	60971071	3	汉语202	1	崔若望	20	14,24,34,44	1-9,11-15周	外文教材中文授课	限:苏世民书院学生选课；具体教室信息请于开课前登陆网络学堂查看公告。具体时间以通知为准
苏世民书院	60971081	1	汉语302	1	马琳	20	11,21,31,41	1-9,11-15周	外文教材中文授课	限:苏世民书院学生选课；具体教室信息请于开课前登陆网络学堂查看公告。具体时间以通知为准
苏世民书院	60971081	2	汉语302	1	马琳	20	13,23,33,43	1-9,11-15周	外文教材中文授课	限:苏世民书院学生选课；具体教室信息请于开课前登陆网络学堂查看公告。具体时间以通知为准
苏世民书院	60971081	3	汉语302	1	马琳	20	14,24,34,44	1-9,11-15周	外文教材中文授课	限:苏世民书院学生选课；具体教室信息请于开课前登陆网络学堂查看公告。具体时间以通知为准
苏世民书院	60971091	1	汉语402	1	朱波	20	13,23,33,43	1-9,11-15周	外文教材中文授课	限:苏世民书院学生选课；具体教室信息请于开课前登陆网络学堂查看公告。具体时间以通知为准
苏世民书院	60971091	2	汉语402	1	朱波	20	14,24,34,44	1-9,11-15周	外文教材中文授课	限:苏世民书院学生选课；具体教室信息请于开课前登陆网络学堂查看公告。具体时间以通知为准
苏世民书院	60971091	3	汉语402	1	朱波	20		1-9,11-15周	外文教材中文授课	限:苏世民书院学生选课；具体教室信息请于开课前登陆网络学堂查看公告。具体时间以通知为准
机械系	80120253	0	焊接技术I：焊接与切割方法（英）	3	赵海燕	30	52	全周	全外文授课	
金融学院	80601482	1	行为金融学	2	朱宁	40	21,22	前八周		限:金融学院学生选课; 8:30-12:00
金融学院	80601482	2	行为金融学	2	余剑峰	50	23,24	前八周		限:金融学院学生选课; 13:30-17:00
金融学院	80601482	3	行为金融学	2	朱宁	10	21,22	前八周		限:经管学院金融专业学生选课; 8:30-12:00
金融学院	80601483	0	行为金融学	3	余剑峰	50	26	1-12周		限:金融学院学生选课; 18:30-22:00
经管学院	90510503	0	行为经济学	3	刘潇	20	55,56	1-12周		优先:经管学院学生选课；18:30上课
法学院	90660153	0	行政诉讼法专题	3	田思源	20	33,34	全周		优先:法学院学生选课；法学博士;14:20-16:55上课
航院	80310432	0	航空发动机部件设计	2	周明	15	33	全周		
航院	80310383	0	航空宇航电子学	3	董戈	15	36	全周		
航院	80310353	0	航空宇航推进的数值模拟方法	3	王兵	30	43	双周		
航院	80310363	0	航空宇航推进技术	3	侯凌云	30	12	全周		
航院	70310132	0	航天器轨道动力学与控制	2	王兆魁	20	51	全周		
航院	80310212	0	航天器热控制与环控生保	2	徐向华	20	23	全周		
化学系	70440243	0	合成有机化学	3	陈超	35	36,53,54	前八周		
法学院	70660564	0	合同法	4	汪洋	85	31,32	全周		优先:法律硕士(JM)学生选课；法律硕士和高年级本科生选课
水利系	70040032	0	河床演变学	2	傅旭东	25	32	全周		
水利系	80040103	0	河流综合管理	3	徐梦珍	45	36	全周	全外文授课	
工物系	80320223	0	核电厂事故分析	3	俞冀阳	30	53,54	全周		
核研院	81010172	0	核反应堆热工设计	2	解衡	30	13	全周		
工物系	80320493	0	核工程中的计算流体力学	3	俞冀阳	30	52	全周		优先:工物系、核研院学生选课；核电工程与管理国际硕士项目课程
生命学院	90450201	0	核酸分子设计及其在生命科学中的应用	1	魏迪明	35	32	前八周		
生命学院	80450622	0	核糖核酸生物化学与结构生物学	2	方显杨	40	36	全周		
经管学院	90510573	0	宏观管理理论	3	吴蕊	30	11,12	5-16周		优先:经管学院学生选课; 8:50上课
法学院	70660303	0	宏观经济管理法	3	黄新华	45	52	全周		优先:法学院学生选课；法学硕士
外文系	90640052	0	后结构主义诗学	2	陈永国	20	12	全周		
金融学院	80601532	1	互联网发展导论	2	徐恪	40	36	1-13周		限:金融学院学生选课; 19:00-21:30
金融学院	80601532	2	互联网发展导论	2	徐恪	10	36	1-13周		限:经管学院金融专业学生选课; 19:00-21:30
金融学院	80601493	0	互联网金融发展史与商业模式	3	廖理	70	16	全周		限:金融学院学生选课；本科创辅学生在金融学院报名选课
网络研究院	84120122	0	互联网络测量与安全分析	2	杨家海	40	23	全周		
化工系	70340073	0	化工传递过程原理	3	王运东	30	26	全周	全外文授课	春季英文授课,秋季中文授课
化工系	80340442	0	化工高等实验	2	骞伟中	20	53,54	前八周	实验课	实验与讨论均在原反应工程室基地及其会议室（东北门附近）
化工系	70340153	0	化工系统优化与综合	3	胡山鹰	30	56	全周		春秋均开课
化工系	60340011	0	化学工程伦理	1	赵劲松	110	23	后八周		
生命学院	80450451	0	化学生物学进展	1	邓海腾	50	45	前八周		
材料学院	80350212	0	环境材料进展	2	翁端	50	11	全周		
环境学院	70050332	0	环境传质学	2	张芳	30	34,35	1-11周	全外文授课	
环境学院	70050112	0	环境风险分析	2	李金惠	40	11	全周		
环境学院	80050401	0	环境工程伦理学	1	李淼	10	36	前八周		
环境学院	80050082	0	环境规划	2	杜鹏飞	60	41	全周		
医学院	74000392	0	环境健康学	2	张寅平	50	26,52	前八周	全外文授课	限:公共卫生专业学生选课；IMPH学生选课
环境学院	70050162	0	环境经济	2	王灿	40	23	全周		
环境学院	60050011	0	环境科学与工程前沿讲座	1	李金惠	60	46	前八周		
微纳电子系	80260112	0	环境科学中的微纳电子技术	2	杨轶	40	16,36	后八周		优先:微纳电子系学生选课
水利系	70040123	0	环境流体力学	3	刘昭伟	30	32	全周		
人文学院	80690143	0	环境史研究导论	3	梅雪芹	25	33,34	全周		
环境学院	80050092	0	环境系统建模理论与复杂模型	2	刘毅	30	14	全周		
工物系	80320082	0	环境与辐射	2	朱立	20	23,24	前八周		
环境学院	80050142	0	环境与市政工程实践及案例分析(1)	2	左剑恶	20		全周		建议工程博士选课
环境学院	80050243	0	恢复生态学及其应用	3	刘雪华	30	41,42	全周	全外文授课	
经管学院	80515233	0	会计专题研讨课	3	罗婷	15	31,32	1-12周		优先:经管学院学生选课; 8:50上课
法学院	80667012	0	婚姻家庭法	2	龙俊	125	46	全周		优先:法学院学生选课；研究生/高年级本科生
机械系	70120163	0	机电产品设计理论与实践	3	林峰	15	46	全周		
机械系	70120173	0	机电智能控制工程	3	王立平	30	53,54	1-12周		
电子系	80230973	0	机器学习	3	张旭东	40	12	全周		先修概率论和随机过程,信号与系统
计算机系	80245013	0	机器学习	3	唐杰	30	32	全周	全外文授课	优先:留学生选课
软件学院	84100082	0	机器学习与知识发现	2	靳晓明	100	26	全周		优先:软件学院学生选课
汽车系	80150013	0	机械最优化设计	3	裴普成	30	26	全周		
医学院	84000742	0	基因表达调控	2	沈晓骅	50	53,54	后八周		优先:医学院、生命学院、药学院学生选课
汽车系	80150532	0	激波和超声燃烧	2	Mevel Remy Lucien Henri	30	25	全周	全外文授课	
物理系	60430083	0	激光光谱与检测技术	3	薛平	35	22	全周		
机械系	80120882	0	激光及其应用	2	温鹏	20	25	1-10周	全外文授课	
物理系	60430063	0	激光物理	3	李福利	35	42	全周		
微纳电子系	80260012	0	集成电路设计实践	2	姜汉钧	60	53	全周		优先:微纳电子系学生选课
微纳电子系	81020132	0	集成电路制造与生产管理	2	张志刚	40	41	全周		优先:微纳电子系学生选课
微纳电子系	81020162	0	集成微系统	2	王喆垚	40	31	全周		优先:微纳电子系学生选课
数学系	80420133	0	几何侧度论	3	李宇翔	10	52	全周		
材料学院	80350692	0	计算材料学 II	2	徐贲	50	35	全周		
航院	70330033	0	计算传热学	3	张会强	30	52	全周		
航院	70330114	0	计算动力学	4	刘岩	30	13,26	全周		
数学系	70420614	0	计算复杂性理论	4	王振波	20	11,32	全周		
航院	70330084	0	计算固体力学	4	庄茁	60	13,31	全周		
水利系	80040302	0	计算河流及河口海岸动力学(2)	2	方红卫	20	26	前八周	外文教材中文授课	
自动化系	80250183	0	计算机控制系统	3	熊智华	20	12	全周		
计算机系	70240083	0	计算机视觉	3	温江涛	40	53,54	全周		
计算机系	80240593	0	计算机图形学基础	3	刘永进	30	12	全周	全外文授课	优先:留学生选课
计算机系	80240352	0	计算机网络安全技术	2	段海新	40	26	全周		
计算机系	80240362	0	计算机网络管理	2	王继龙	40	23	全周		
软件学院	84100222	0	计算机网络前沿研究	2	杨铮	90	51,52	前八周		优先:软件学院学生选课
计算机系	80240242	0	计算机系统性能测试	2	翟季冬	30	36	全周		
计算机系	70240223	0	计算机支持的协同工作CSCW	3	姜进磊	30	53,54	全周		
计算机系	70240183	0	计算几何	3	邓俊辉	30	23,24	全周		
数学系	80428123	0	计算金融学	3	王小群	20	22	全周		限:应用统计专业学生选课
水利系	70040163	0	计算流体力学	3	苑明顺	30	32	全周		
自动化系	80250852	0	计算摄像学专题	2	索津莉	40	31,51	前八周		
人文学院	70611043	0	计算语言学理论基础	3	刘颖	10	22	全周		
计算机系	80240033	0	计算智能及机器人学	3	刘华平	30	36	全周		
社科学院	70611832	0	技术哲学	2	高亮华	20	46	2-12周		
电机系	80220232	0	继电保护	2	董新洲	45	23	全周		
工物系	80320072	0	加速器技术与实验	2	施嘉儒	20	16	2-7周		
工物系	80320122	0	加速器中的脉冲功率技术	2	杜应超	30	13	全周		
工物系	80320023	0	加速器最新进展	3	唐传祥	20	32	全周		
美术学院	80801322	0	家具设计实践研究	2	于历战	20	21,22,41,42	13-16周		限:美术学院、美术学专业学生选课
土木系	80910121	0	建设工程担保	1	邓晓梅	30	12	前八周		
土木系	70910112	0	建设管理研究方法论	2	李楠	20	35	全周	全外文授课	限:土木系学生选课；管理科学与工程专业及项目管理领域研究生选
建筑学院	80000302	0	建筑策划导论	2	庄惟敏	60	21	全周		
建筑学院	80001142	0	建筑环境自动控制前沿	2	王福林	20	42	全周		
建筑学院	80000552	0	建筑节能原理和应用	2	王馨	20	12	全周		
建筑学院	70000032	0	建筑评论	2	周榕	60	12	全周		
医学院	84001073	0	健康经济学与经济发展	3	王健	50	46,53,54	前八周	全外文授课	限:公共卫生专业学生选课；IMPH学生选课
社科学院	70612043	0	健康心理学	3	李虹	20	22	全周		
美术学院	80805012	0	交互艺术设计研究	2	师丹青	25	33,34	前八周		优先:美术学院学生选课
美术学院	80801152	0	交互展示设计研究	2	米海鹏	30	13,14,43,44	11-14周		限:美院艺术专业学生选课；科普硕士
工业工程	80160182	0	交通工程与管理理论	2	何方	35	23	全周	外文教材中文授课	优先:工业工程学生选课
建筑学院	80000771	0	交通规划方法论	1	段进宇	40	53	前八周		
土木系	70030073	0	交通流理论与应用	3	石京	30	16	全周		
教研院	81030132	0	教育财政	2	李锋亮	30	34	全周	挑战性学习课程	
教研院	71030052	0	教育经济学	2	李锋亮	30	33	全周	挑战性学习课程	
教研院	71030142	0	教育名著选读	2	李曼丽	20	52	全周		
教研院	71030022	0	教育统计与测量	2	Coates Hamish Bennett	50	21	全周	全外文授课	
能动系	80140202	0	洁净煤发电技术分析	2	蔡宁生	15	14,32	前八周		
土木系	80030252	0	结构抗震与减震原理	2	潘鹏	30	23,24	后八周		
航院	80310202	0	结构优化设计	2	杜建镔	30	31,46	前八周		
电子系	80230952	0	界面电磁学	2	杨帆	40	32	全周	全外文授课	预备电磁场与波,微波技术基础,天线原理知识
金融学院	80601522	1	金融大数据分析导论	2	陈红梅	40	23,24	后八周		限:金融学院学生选课; 13:30-17:00
金融学院	80601522	2	金融大数据分析导论	2	陈红梅	10	23,24	后八周		限:经管学院金融专业学生选课; 13:30-17:00
金融学院	80601411	0	金融发展与职业人生	1	赵岑	90	23,24	前八周		限:金融学院学生选课; 14:00-16:30
经管学院	80515082	1	金融服务营销	2	王桂琴	70	51,52	双周		限:经管学院金融专业学生选课；8:50-12:15上课
经管学院	80515082	2	金融服务营销	2	王桂琴	10	51,52	双周		限:金融学院金融专业学生选课；8:50-12:15上课
金融学院	70600153	1	金融数据分析方法与应用	3	Chen Huafeng	43	11,12,31,32	后八周		限:金融学院学生选课; 9:00-11:30
金融学院	70600153	2	金融数据分析方法与应用	3	Chen Huafeng	43	13,14,33,34	后八周		限:金融学院学生选课; 14:00-16:30
经管学院	70510973	0	金融衍生工具	3	高峰	60	61,62,63,64	11-12周		限:经管学院金融专业学生选课；周四8:50-12:15上课；周六8:50-11:25，13:30-16:05上课
金融学院	70600123	0	金融衍生工具	3	Zhang Xiaoyan	50	21,22,41,42	前八周		限:金融学院学生选课；周二9:30-12:00,周四9:00-11:30上课
美术学院	80800662	0	金属艺术	2	唐绪祥	20	33,34,53,54	13-16周		限:美术学院、美术学专业学生选课
物理系	80430052	0	近代声学导论	2	陈宇	30	41	全周		
物理系	60430114	0	近代物理实验	4	王合英	12	14,15	全周		
物理系	90430012	0	近代物理新进展	2	阮东	90	54	全周		
材料学院	80350532	0	近净成形先进技术	2	沈厚发	50	52	全周		
法学院	80662082	0	经典著作阅读（2）	2	李平	20	42	全周		优先:法学院学生选课；修过经典著作阅读(1)
公管学院	80590753	0	经济发展：理论与实践	3	俞樵	50	13,14,22	后八周	全外文授课	限:公管学院学生选课；直博兼修项目、跨文化交流项目的同学请于预选期间到公管学院报名选课
社科学院	80611732	0	经济学方法论	2	王生升	20	16,36	前八周		
人文学院	80690373	0	经学研究前沿	3	顾涛	20	13,14	全周		选修过中国经学史或经典研读类课程
经管学院	90510073	0	经验会计研究	3	贾宁	15	12	全周		优先:经管学院学生选课
工业工程	80168202	0	精益运营和持续改善	2	张智海	50	41,42,43,4451,52,53,54	4,7周		限:工程管理硕士学生选课; 上课时间地点最终以院系通知为准
建筑学院	70000492	0	景观地学基础I：地质、地貌、土壤	2	党安荣	40	42	全周		
建筑学院	80000652	0	景观技术一：竖向和道路	2	Hu Jie	40	21	全周		
美术学院	80800392	0	景观评价与设计	2	宋立民	20	13,14,53,54	1-4周		限:美术学院、美术学专业学生选课
建筑学院	80000632	0	景观生态学	2	庄优波	40	24	全周		
建筑学院	80000741	0	景观水文	1	刘海龙	40	14	后八周		
美术学院	80800142	0	景观陶艺设计	2	章星	10	13,14,33,3443,44,53,54	7-8周		限:美术学院、美术学专业学生选课
建筑学院	80000662	0	景观学史纲II （欧美部分）	2	朱育帆	40	51	全周		
数学系	70420444	0	矩阵计算	4	贾仲孝	20	23,51	全周		
化工系	80340032	0	聚合物界面及表面	2	杨睿	30	24	全周		
化工系	70340033	0	聚合物研究方法	3	杨睿	30	12	全周		
核研院	71010124	0	决策与对策模型方法	4	滕飞	30	51,52	全周		
社科学院	80615102	0	军备控制与安全研究	2	李彬	35	52	全周		限:政治学专业学生选课
社科学院	80611612	0	军备控制与国际安全	2	李彬	35	51	全周		优先:政治学专业学生选课
经管学院	80514543	0	开放经济宏观经济学	3	刘庆	20		1-12周		限:经管学院学生选课; 上课时间另行通知
土木系	80030092	0	抗震工程概论	2	刘晶波	30	33,51	前八周		
公管学院	90590133	0	科技、环境和社会政策	3	齐晔	20	53,54	全周		限:公管学院学生选课
公管学院	80590793	0	科技创新与创业	3	周源	50	12,36	前八周	全外文授课	优先:公管学院学生选课
社科学院	80700502	0	科技的社会研究	2	洪伟	15	13	全周		
法学院	80660602	0	科技法讲座	2	Randall  R.Rader	40		全周	全外文授课挑战性学习课程	优先:法学院学生选课; 国际知识产权法项目
精仪系	80130152	0	科技论文写作方法与实践	2	李玉和	25	26	全周		
材料学院	70350351	0	科技论文写作与学术规范	1	龚江宏	80	13	后八周		
能动系	80140012	0	科技英语阅读与写作	2	David Michael Christopher	25	24,42	前八周	全外文授课	
美术学院	80801132	0	科普产品设计研究	2	张雷	30	13,14,43,44	3-6周		限:美院艺术专业学生选课；科普硕士
美术学院	80801142	0	科普展示设计研究	2	马赛	30	13,14,43,44	7-10周		限:美院艺术专业学生选课；科普硕士
自动化系	70250431	0	科学规范与表达	1	张学工	20	13,14	1-4周		
社科学院	80612491	0	科学技术史专题研究（2）	1	鲍鸥	10	36	双周		限:哲学、社会学、科学技术史专业学生选课
社科学院	80700112	0	科学技术学研究方法	2	王程韡	30	52	1-11周		
社科学院	80612392	0	科学社会学与科技政策专题	2	李正风	20	22	2-12周		
社科学院	80700512	0	科学史名著与案例研读	2	刘兵	20	24,25	前八周		限:哲学、社会学、科学技术史专业、美术学院学生选课
社科学院	80612891	0	科学文化与写作	1	刘兵	15	14,15	9-12周		限:哲学、社会学、科学技术史专业、美术学院学生选课
生命学院	90450021	0	科学写作基本要素	1	谢道昕	21	21	前八周		
美术学院	80801443	0	科学艺术研究与实践	3	李天元	15	13,14,33,3443,44,53,54	10-12周		
社科学院	80614412	0	科学哲学和技术哲学专题研究	2	吴彤	15	32	全周		
社科学院	60610221	1	科研规范	1	雷毅	40	36	前八周		限:金融学院学生选课
社科学院	60610221	2	科研规范	1	雷毅	40	36	后八周		限:经管学院、核研院学生选课
社科学院	60610221	3	科研规范	1	李正风	40	24	后八周		
能动系	70140212	0	颗粒输运理论	2	李水清	25	41	全周		
能动系	80140292	0	可持续发展的能源战略	2	麻林巍	50	34,53	前八周	全外文授课	
公管学院	70590773	0	可持续发展概论	3	彭宗超	50	12,23,24	后八周	全外文授课	限:公管学院学生选课；直博兼修项目、跨文化交流项目的同学请于预选期间到公管学院报名选课
核研院	81010093	0	可持续发展与应对气候变化	3	滕飞	40		全周	全外文授课	中法能源项目课程，非本项目学生勿选
美术学院	80800352	0	可持续设计理论与实践	2	刘新	35	13,14,43,44	13-16周		限:美术学院学生选课
工业工程	90160203	0	可靠性工程与风险管理	3	李彦夫	30	12	全周	外文教材中文授课	优先:工业工程学生选课
能动系	80140393	0	空化基础理论及应用	3	罗先武	30	46	全周		
社科学院	80700523	0	恐怖主义及其治理	3	吴大辉	30	12	全周		优先:政治学专业学生选课
自动化系	80258012	0	控制工程领域学科前沿讲座	2	李清	80		前八周		限:工程硕士学生选课
法学院	80662102	0	跨国并购法律问题案例研究	2	高西庆	25	33	全周		优先:法学院学生选课；研究生/高年级本科生
新闻学院	80670632	0	跨文化传播	2	史安斌	25	33,34	1-11周	全外文授课	限:新闻学院学生选课
经管学院	80512932	0	跨文化管理	2	陈昊	50	33,34	前八周	全外文授课	限:工商管理专业学生选课
苏世民书院	80970042	0	跨文化战略管理	2	陈明哲	40	13,14,23,2433,34,43,44	6-7周	全外文授课	优先:苏世民书院学生选课；密集授课,13:30-16:15上课,具体教室信息请于开课前登陆网络学堂查看公告
电子系	80230552	0	宽带无线数字通信	2	赵明	50	31	全周		先修无线通信工程
经管学院	80515172	0	劳动经济学	2	陆毅	20	33,34	双周		优先:经管学院学生选课
社科学院	80701063	0	老龄化的社会环境	3	裴晓梅	20	42	全周		
生命学院	80450292	0	冷冻电镜三维重构技术和方法	2	李雪明	50	13,35	前八周		
自动化系	80250142	0	离散事件动态系统	2	赵千川	20	12,31	前八周		
数学系	80420174	0	黎曼曲面	4	吴云辉	20	13,53	全周		
化学系	80440373	0	理论化学物理	3	帅志刚	12	12	全周		
网络研究院	74120043	0	理论密码学	3	于红波	40	12	全周		
化学系	70440214	0	理论与计算化学	4	李隽	100	22,42	6-16周		
美术学院	80801722	0	历代花鸟画研究与创作	2	金纳	15	23,24,53,54	13-16周		限:美术学院、美术学专业学生选课
法学院	70660253	0	立法与司法理论	3	许章润	20	12	全周		优先:法学院博士生选课
物理系	80430252	0	粒子理论专题II	2	张斌	30	23	全周		
工物系	70320244	0	粒子物理	4	朱相雷	15	23,53	全周		先修量子力学
工物系	80320414	0	粒子与核物理实验中的数据分析	4	王喆	30	34,46	全周		
水利系	70040312	0	量纲分析及相似原理	2	茅泽育	20	53	全周		
交叉信息院	80470193	0	量化金融信用与风控分析	3	黄铃	30	13	全周	全外文授课	优先:交叉信息院学生选课
物理系	70430134	0	量子光学与原子光学	4	杜春光	35	31,53	全周		
物理系	80430104	0	量子力学前沿选题	4	张礼	25	12,31	全周		
网络研究院	84120072	0	量子密码技术	2	王向斌	30	13	全周		
物理系	70430124	0	量子统计	4	吕嵘	35	22,52	全周		
物理系	80430214	0	量子信息	4	龙桂鲁	35	12,41	全周		
医学院	84001103	0	临床实验诊断进展	3	赵秀英	15	13,14	全周		限:临床医学专业学生选课
医学院	84008083	0	临床试验指南下集:临床试验实施管理规范	3	李浩	25		全周		限:公共卫生专业学生选课
社科学院	80615293	0	临床心理实务与督导	3	樊富珉	15	32	全周		限:社会学、心理学、应用心理专业学生选课
社科学院	80700993	0	临床心理与咨询见习	3	刘丹	8		全周		限:心理学、社会学专业学生选课；先修心理咨询与治疗
公管学院	80590213	0	领导科学与艺术	3	王有强	50	22,53,54	前八周	全外文授课	优先:公管学院学生选课
公管学院	80590922	0	领导力	2	于永达	80	63,64	1-10周		限:公管学院学生选课
苏世民书院	60972021	0	领导力系列研讨	1	程文浩	126		1-9,11-15周		网上不选课,多学期课程（秋春）,春季为第二学期,具体上课安排及时间以开课前通知为准
工业工程	60168012	1	领导与沟通	2	饶培伦	50	61,62,63,6471,72,73,74	2,5周		限:工程管理专业学生选课; 上课时间地点以院系最终通知为准
工业工程	60168012	2	领导与沟通	2	饶培伦	50	61,62,63,6471,72,73,74	3,8周		限:工程管理专业学生选课; 上课时间地点以院系最终通知为准
工物系	60320053	0	流动与传热传质过程的数值模拟	3	李和平	40	32	全周		
物理系	70430144	0	流体与等离子天体物理	4	楼宇庆	30	14,34	全周		
公管学院	70590673	0	论文设计与写作	3	周绍杰	50	33,34,52	后八周	全外文授课	限:公管学院学生选课；直博兼修项目、跨文化交流项目的同学请于预选期间到公管学院报名选课
人文学院	70612743	0	逻辑学专题研究	3	王路	25	26	全周		
建筑学院	80000861	0	绿色建筑理论与实践	1	宋晔皓	30	22	前八周	全外文授课	
马克思主义学院	70680013	0	马克思主义经典著作选读	3	李成旺	15	14,15	全周		双硕士学位研究生
马克思主义学院	70680083	0	马克思主义经典著作研读	3	王峰明	30	24,25	全周		
马克思主义学院	70680093	0	马克思主义理论专业英语研究	3	朱安东	30	46	全周		优先:马克思主义学院学生选课
美术学院	70807022	0	马克思主义文艺理论	2	陈岸瑛	40	23,24	前八周		限:美术学院艺术专业学生选课
新闻学院	70670152	0	马克思主义新闻观研究	2	周庆安	80	46	3-13周		
马克思主义学院	80680052	0	毛泽东思想研究	2	肖贵清	30	31,32	前八周		
新闻学院	80670572	0	媒介管理	2	Richard S. Dunham	35	23	全周	全外文授课	
新闻学院	90670023	0	媒介经济学研究专题	3	崔保国	20	33,34	全周		博士生课程
新闻学院	80670263	0	媒介经营管理研究	3	崔保国	70		11-16周		限:新闻学院、经管学院学生选课
新闻学院	80670813	0	媒介社会学	3	陈昌凤	40	34,35	全周		
新闻学院	80670912	0	媒介文化研究	2	常江	30	31,32	后八周		
新闻学院	80670883	0	媒体数据挖掘	3	沈阳	30	23,24	全周		
社科学院	80701102	0	美国政治：经典著作选读	2	刘瑜	20	12,16	前八周		
医学院	84000733	0	泌尿外科学	3	李胜文	3	43,44	全周		限:临床医学专业学生选课
医学院	84000822	0	免疫信号转导与疾病	2	胡小玉	15	26,46	前八周		优先:医学院、生命学院、药学院学生选课
医学院	84001022	0	免疫治疗前沿研究与临床转化	2	胡小玉	25		全周		限:公共卫生专业学生选课
法学院	90660053	0	民法专题研究	3	耿林	20	32	全周		优先:法学院学生选课；法学博士
法学院	80660063	1	民事诉讼法学	3	陈杭平	80	26	全周		优先:法律硕士(JM)学生选课；2017法律硕士必修课
法学院	80660063	2	民事诉讼法学	3	任重	80	52	全周		优先:法律硕士(JM)学生选课；2017法律硕士必修课
法学院	80661562	0	民事证据法	2	王亚新	35	42	全周		优先:法学院学生选课；法律硕士/高年级本科生
电子系	80230392	0	模糊数学及其应用	2	杨健	35	31,52	前八周		
法学院	70667014	0	模拟法庭训练	4	郑厚哲	103	13,14,15	6-16周	实践课	网上不选课
电子系	80230132	0	模拟及混合信号系统设计技术	2	刘勇攀	40	12	全周		先修模拟电路原理
电子系	60230023	0	模式识别	3	王贵锦	150	53,54	全周		
自动化系	70250043	0	模式识别	3	张长水	140	32	全周		
核研院	81010103	0	模型工具和案例分析	3	顾阿伦	40		全周	全外文授课	中法能源项目课程，非本项目学生勿选
人文学院	80614283	0	模型论	3	俞珺华	20	13,14	全周		建议哲学系研究生选课
机械系	70120253	0	摩擦学	3	汪家道	20	35,36	1-12周	全外文授课	
机械系	80120653	0	摩擦学实验及分析方法	3	陈皓生	24	33,34	1-12周		
机械系	80120643	0	摩擦学原理	3	汪家道	25	25,26	1-12周		
电子系	80230572	0	纳结构光电子学导论	2	刘仿	35	23	全周		
材料学院	80350682	0	纳米材料加工	2	韦进全	50	51	全周		
材料学院	80350612	0	纳米生物材料	2	赵凌云	50	51	全周		
医学院	84000471	0	脑机接口与脑电信号处理	1	高小榕	10	42	前八周		优先:医学院学生选课
生命学院	70450173	0	脑与认知科学	3	赫荣乔	50	32	全周		
汽车系	70150213	0	内燃机2	3	王志	30	22	全周	全外文授课	
土木系	70030243	0	能量原理及其应用	3	叶康生	20	36	全周		
法学院	80661142	0	能源法专题研究	2	王明远	25	12	全周		优先:法学院学生选课；法学硕士;9:50-11:25上课
法学院	90660292	0	能源法专题研究	2	王明远	20	16	全周		优先:法学院学生选课；法学博士
电机系	80220502	0	能源互联网概论	2	陈启鑫	45	53	全周		
电机系	80220422	0	能源经济学	2	夏清	42	12	全周		优先:电机系学生选课
核研院	81010113	0	能源系统分析概论	3	赵秀生	40		全周	全外文授课	中法能源项目课程，非本项目学生勿选
经管学院	80514223	0	能源与环境经济学	3	曹静	20	51,52	1-12周		优先:经管学院学生选课; 8:50上课
医学院	84001052	0	黏膜与区域免疫学	2	郭晓欢	20	16	全周		优先:医学院、生命学院、药学院学生选课
社科学院	80612273	0	农村社会学专题研究	3	郭于华	30	36	全周		
建筑学院	70000362	0	暖通空调与制冷新进展	2	张寅平	30	36	全周		
法学院	70660203	0	欧陆与日本刑法	3	王钢	30	13,14	全周		优先:法学院学生选课；法学硕士
外文系	80640753	0	欧洲思想史（下）：20世纪	3	颜海平	12	23,24	全周		14:20-16:55上课
社科学院	80615122	0	判断与决策	2	栾胜华	20	33	全周		
工业工程	80160152	0	配送系统建模与分析	2	申作军	35	33,34	后八周	外文教材中文授课	优先:工业工程学生选课
美术学院	80800291	0	批判性研究论文写作	1	赵超	20	15,16	9-12周		限:美院学生选课; 工业设计系普硕必修
数学系	60420084	1	偏微分方程数值解	4	吴昊	50	21,42	1-13周		
数学系	60420084	2	偏微分方程数值解	4	郑春雄	20	34,54	全周		限:数学系、周培源数学中心学生选课
美术学院	80800251	0	品牌传播与设计	1	马泉	15	23,24,53,54	5-6周		限:美术学院、美术学专业学生选课
社科学院	80700862	0	平台经济与商业生态专题	2	戎珂	15	31,32	前八周		
金融学院	80602101	1	普惠金融与发展	1	焦瑾璞	40	11,12	前八周		限:金融学院学生选课; 9:00-11:30
金融学院	80602101	2	普惠金融与发展	1	焦瑾璞	10	11,12	前八周		限:经管学院金融专业学生选课; 9:00-11:30
法学院	80660673	0	普通法精要（4）	3	高西庆	35	23,24	全周	全外文授课	优先:法学院学生选课; 美国侵权法
工物系	70320042	0	谱分析技术	2	吴其反	30	52	前八周		
美术学院	80800682	0	漆塑艺术	2	周剑石	20	33,34,53,54	11-14周		限:美术学院、美术学专业学生选课
新闻学院	80670622	0	企业传播	2	范红	24	12	1-11周	全外文授课	
经管学院	80514642	0	企业的兴衰——中外企业发展史简析	2	薛镭	60	13,14	前八周		限:工商管理专业学生选课
工业工程	80160033	0	企业信息资源管理	3	曹晖	40	12	全周	全外文授课	优先:工业工程学生选课
社科学院	80700222	0	企业与企业史理论专题	2	黄德海	15	46,56	前八周		
能动系	80140102	0	气固两相流动理论与数值方法	2	祁海鹰	25	31,56	前八周		
地学系	80460193	0	气候变化科学概论	3	罗勇	60	42	全周		
地学系	80460112	0	气候动力学研讨	2	Wright Jonathon Stanley	24	52	全周	全外文授课	
汽车系	80150213	0	汽车动力系统学	3	欧阳明高	30	54,55	全周		
汽车系	70150173	0	汽车动态系统CAE与振动控制	3	吕振华	30	32	全周		
汽车系	70150183	0	汽车工程2	3	郑四发	30	12	全周	全外文授课	
汽车系	80150052	0	汽车环境保护技术	2	马凡华	30	53,54	前八周		
汽车系	70150163	0	汽车机电系统	3	李建秋	30	32	全周	全外文授课	
汽车系	70150323	0	汽车结构CAE分析	3	范子杰	30	52	全周		
美术学院	80800442	0	汽车造型设计	2	严扬	20	13,14,43,44	5-8周		限:美术学院学生选课
电子系	80230752	0	嵌入式计算系统及SoC软硬件协同设计	2	刘勇攀	40	26	全周		
自动化系	80250503	0	嵌入式系统的软硬件设计	3	陈峰	40	24,25	单周		
微纳电子系	80260062	0	嵌入式系统设计与实践	2	李兆麟	40	11	全周		优先:微纳电子系学生选课
工物系	80320462	0	强场激光应用	2	白植豪	20	23	全周		
公管学院	80590512	0	区域发展与政策	2	殷存毅	35	11,12,31,32	4-7周		网上不选课
公管学院	80590513	0	区域发展与政策	3	殷存毅	60	26	全周		限:公管学院学生选课
医学院	84001062	0	全球公共健康政策	2	王健	25		全周		限:公共卫生专业学生选课
公管学院	80590693	0	全球化与治理	3	朱旭峰	50	13,14,46	前八周	全外文授课	优先:公管学院学生选课
教研院	81030142	0	全球化与中国教育治理	2	罗燕	15	51	全周	挑战性学习课程	
社科学院	80700542	0	全球化中的伦理争议	2	唐晓阳	30	14	全周		限:政治学专业学生选课
环境学院	80050253	0	全球环境问题	3	王灿	30	54,55	全周	全外文授课	
苏世民书院	80974092	0	全球环境政治研究	2	Judith Shapiro	50	22,42	11-15周	全外文授课	优先:苏世民书院学生选课；9:50-12:15上课,具体教室信息请于开课前登陆网络学堂查看公告
土木系	80910292	0	全球建设工程与管理实践	2	郭红领	30	16	全周	全外文授课	限:土木系学生选课
苏世民书院	60970032	0	全球领导力实践	2	程文浩	126		1-9,11-15周		网上不选课,多学期课程（秋春）,春季为第二学期,具体上课安排及时间以开课前通知为准
苏世民书院	80977082	0	全球领导心理学	2	彭凯平	50	12,32	1-7周	全外文授课	优先:苏世民书院学生选课；9:50-11:25上课,3月16、23日周五第二大节(9:50-11:25)加课。教室信息请于开课前登陆网络学堂查看公告
苏世民书院	80977022	0	全球媒体、传播与中国社会文化研究	2	史安斌	20	13,33	8-9,11-15周	全外文授课	优先:苏世民书院学生选课；13:30-15:05上课,4月20、27日周五第三大节(13:30-15:05)加课,教室信息请于开课前登陆网络学堂查看公告
人文学院	70690223	0	全球史导论	3	曹寅	25	23,24	全周		
苏世民书院	80974082	0	全球卫生政策	2	Joan Kaufman	50	22,42	1-5周	全外文授课	优先:苏世民书院学生选课；9:50-12:15上课,具体教室信息请于开课前登陆网络学堂查看公告
经管学院	80515891	0	全球责任领导	1	杨百寅	60	61,62,63,6471,72,73,74	4周	全外文授课	网上不选课
经管学院	80514982	1	全球战略与组织	2	段志蓉	30	41,42	前八周	全外文授课	限:工商管理专业学生选课；8:50-12:15上课
社科学院	70700363	0	全球治理导论	3	赵可金	30	22	全周		优先:政治学专业学生选课
数学系	80420264	0	群表示理论	4		20	14,33	全周		
物理系	60430024	0	群论	4	阮东	90	32,51	全周		
能动系	70140082	0	燃烧过程的数值方法	2	由长福	30	11	全周		
能动系	80140342	0	燃烧物理I	2	罗忠敬	25	36	全周	全外文授课	
能动系	70140103	0	燃烧学（II）	3	张海	25	22	全周	全外文授课	
能动系	80140383	0	燃烧诊断	3	超星	25	32	全周	全外文授课	
美术学院	80800072	0	染织创意设计	2	张树新	20	33,34	后八周		限:美术学院、美术学专业学生选课
能动系	80140112	0	热工过程测试数据处理	2	王哲	15	23,54	前八周		
社科学院	80700932	0	人格心理学专题	2	王非	25		全周		限:应用心理专业学生选课
自动化系	70250323	0	人工神经网络	3	王凌	20	33,34	全周		要求具有一定的运筹学、控制理论基础和较好计算机编程能力
地学系	80460221	0	人工智能前沿与产业趋势	1	雷鸣	100	46	双周		
计算机系	70240033	0	人工智能原理	3	朱小燕	50	13,14,42	前八周		
人文学院	80614233	0	人工智能中的逻辑	3	刘奋荣	20	53,54	全周		
工业工程	80160132	0	人机交互	2	皋琴	30	13	全周	外文教材中文授课	优先:工业工程学生选课
计算机系	80240533	0	人机交互技术	3	史元春	30	22	全周	全外文授课	优先:留学生选课
航院	80310183	0	人机与环境工程	3	李路明	15	12	全周		
教研院	81030032	0	人力资源开发理论与实践	2	李曼丽	30	42	全周		
经管学院	80510082	0	人力资源开发与管理	2	杨百寅	50	21,22	前八周	全外文授课	限:工商管理专业学生选课；8:30-11:55上课
环境学院	60050032	0	人文视野中的环境问题及对策	2	陆文静	30	33	全周	全外文授课	
工物系	80320452	0	人员疏散与个体防护技术	2	翁文国	20	33	全周		
美术学院	60707032	0	认知科普基础--理论与应用	2	蔡曙山	30	15,16,25,2635,36,45,4655,56	1-2周		限:美术学院艺术专业学生选课; 科普硕士课程
社科学院	80614033	0	日本经济研究	3	高淑娟	15	33,34	1-12周		
外文系	80640612	0	日本文学研究方法论	2	王成	20	32	全周		
核研院	71010172	0	溶剂萃取化学与工艺	2	陈靖	30	36,46	前八周		
精仪系	90130041	0	如何撰写发表英文光学期刊论文	1	李立峰	20	11	1-10周		优先:光学工程专业博士生选课
人文学院	80690103	0	儒家哲学研究	3	高海波	25	42	全周		
软件学院	74100132	0	软件测试技术	2	高跃	50	13	全周		优先:软件学院学生选课
软件学院	74100142	0	软件度量技术	2	姜宇	30	31	全周		优先:软件学院学生选课
软件学院	94100002	0	软件系统工程导论	2	顾明	30	71,72	前八周		优先:软件学院学生选课
美术学院	80800382	0	色彩材料与表面装饰设计创新	2	赵超	35	23,24,53,54	11-14周		限:美术学院学生选课
美术学院	80800092	0	色彩设计	2	李莉婷	20	13,14,43,44	9-12周		限:美术学院、美术学专业学生选课
美术学院	80800452	0	色彩设计与流行趋势研究	2	苏华	20	13,14,33,34	9-12周		限:美术学院学生选课
法学院	90660063	0	商法专题研究	3	朱慈蕴	20	25,26	5-16周		优先:法学院学生选课；法学博士;6:30-9:45上课
法学院	70660063	0	商法专题研究(I)	3	施天涛	45	12	全周		优先:法学院学生选课；法学硕士
经管学院	80516722	2	商务分析导论	2	刘登攀	5	15,16	9,11-16周	全外文授课	网上不选课
经管学院	80516793	0	商务分析整合实践	3	徐心	30	33,34,43,44	后八周		限:经管学院工商管理专业学生选课；哥大项目课程,企业项目实施时间以具体通知为准
美术学院	70800431	0	设计创新系列课（二）	1	刘振生	20	13,14,33,34	1-2周		限:美院学生选课; 工业设计系普硕必修
美术学院	80800532	0	设计价值与体验	2	鲁晓波	25	13,14,33,34	5-8周		优先:美术学院学生选课
美术学院	80800502	0	设计教育述评	2	何洁	15	13,14,43,44	9-12周		限:美术学院、美术学专业学生选课
美术学院	60800031	0	设计伦理	1	聂影	280	33,34	3-8周		限:美术学院、美术学专业学生选课; 设计学科必修
美术学院	80800952	0	设计审美与设计批评	2	张夫也	20	33,34	后八周		限:美术学院、美术学专业学生选课
美术学院	80800901	0	设计研究的历史与理论	1	蔡军	25	25,26	8-11周		限:美术学院学生选课
美术学院	70800322	0	设计艺术的图形思维	2	梁雯	20	11,12	后八周		限:美术学院、美术学专业学生选课
美术学院	80800342	0	设计与时代	2	聂影	20	51,52	后八周		限:美术学院、美术学专业学生选课
美术学院	70800092	0	设计战略与管理	2	蔡军	30	53,54	3-10周		限:美术学院学生选课
建筑学院	70000464	0	设计专题（二）	4	徐卫国	80	33,34	全周		
建筑学院	80001063	0	设计专题三	3	张悦	30	23,24,51,52	前八周	全外文授课	
建筑学院	80001073	0	设计专题四	3	李晓东	30	23,24,51,52	后八周	全外文授课	
法学院	80661633	0	社会保障法专题	3	郑尚元	40	36,46	前八周		优先:法学院学生选课；法学硕士/博士
公管学院	80591102	1	社会保障政策	2	杨燕绥	40	41,42,55,56	4-7周		网上不选课
公管学院	80591102	2	社会保障政策	2	杨燕绥	80	63,64	1-10周		限:公管学院学生选课
社科学院	80613163	0	社会分层与社会流动	3	李强	36	22	全周		
社科学院	80700423	0	社会工作伦理	3	卢风	40		全周		限:社会工作专业学生选课
社科学院	80700633	0	社会工作前沿	3	晋军	40		全周		限:社会工作专业学生选课
新闻学院	80670923	0	社会化媒体运营（2）	3	张小琴	18	33,34	全周		
公管学院	90590043	1	社会科学研究方法II	3	刘志林	30	22	全周		限:公管学院学生选课
公管学院	90590043	2	社会科学研究方法II	3	朱旭峰	30	22	全周		限:公管学院学生选课
社科学院	80700823	0	社会科学与数据科学工作坊	3	苏毓淞	35	32	全周		
社科学院	90610193	0	社会统计学 （高级）	3	孙凤	30	52	全周		
公管学院	90590333	0	社会学Ⅱ	3	蒙克	40	42	全周		限:公管学院学生选课
社科学院	80613213	1	社会学研究方法专题－定性研究	3	郭于华	40	23,24	全周		
社科学院	80613213	2	社会学研究方法专题－定性研究	3	王天夫	40		全周		限:社会工作专业学生选课
外文系	70640282	0	社会语言学问题研究	2	董洁	20	54	全周		
社科学院	80613223	1	社会政策分析	3	裴晓梅	20	32	全周		
社科学院	80613223	2	社会政策分析	3	裴晓梅	40		全周		限:社会工作专业学生选课
公管学院	70590203	0	社会主义经济理论与实践	3	王亚华	80	13,14	全周		限:公管学院学生选课
微纳电子系	71020073	0	射频CMOS集成电路设计	3	池保勇	50	32	全周		优先:微纳电子系学生选课
社科学院	70700372	0	身体活动流行病学	2	于洪军	40	36	全周		
软件学院	84100342	0	深度学习	2	龙明盛	80	14	全周		优先:软件学院学生选课
航院	70310183	0	深空探测轨道力学	3	龚胜平	20	52	全周		
医学院	84000212	0	神经工程原理	2	洪波	25	52	全周		优先:医学院学生选课
医学院	84001042	0	神经系统疾病的分子基础	2	贾怡昌	40	23,42	前八周		优先:医学院、生命学院、药学院学生选课
外文系	80640482	0	神经语言学	2	崔刚	20	25	全周		
水利系	80040093	0	渗流力学与计算分析	3	王恩志	20	23,24	全周		
工业工程	80160062	0	生产调度原理与算法	2	张智海	30	32	全周	外文教材中文授课	优先:工业工程学生选课
地学系	80460162	0	生态数据分析	2	杨军	40	36	1-11周		
生命学院	90450191	0	生物大分子小角X射线散射	1	方显杨	25	26	前八周		
生命学院	80450372	0	生物电镜实验技术	2	李雪明	20	46	全周		
航院	70310154	0	生物力学实验	4	杨春	10	23,24	全周		需要基本的力学知识和生物知识
生命学院	80450423	0	生物信息学与系统生物学	3	杨雪瑞	50	12,32	后八周		
数学系	80421024	0	生物信息学中的数学方法	4	丘成栋	15	24,54	全周		
自动化系	80250682	0	生物信息学专题	2	李梢	25	32,52	前八周		
化学系	80440153	0	生物有机化学	3	付华	15	12	全周		
机械系	80120572	0	生物制造工程原理与方法	2	姚睿	20	23	全周		
人文学院	80690362	0	诗词曲比较研究	2	李飞跃	20	46	全周		
数学系	70428102	0	时间序列分析	2	叶俊	25	42	1-11周		限:应用统计专业学生选课
经管学院	80515133	0	实验经济学	3	刘潇	20	45,46	1-12周		优先:经管学院学生选课; 18:30上课
数学系	60420123	0	实验设计与数据处理	3		140	42	全周		
水利系	80040053	0	实验应力分析	3	杨强	15	36	全周		
生命学院	80450471	0	实用科技英语交流	1	朱听	30	56	前八周	全外文授课	
水利系	80040272	0	世界流域规划与管理比较	2	王忠静	25	31,32	1-13周	全外文授课	针对全校研究生和部分高年级本科生,英语6级及以上,7月2-8日国内实践考察
美术学院	80801333	0	世界现当代陶艺理论及创作	3	白明	10	13,14,33,3443,44,53,54	10-12周		限:美术学院、美术学专业学生选课
苏世民书院	80977062	0	世界政治中的区域与区域主义	2	Amitav Acharya	25	24,44	8-9,11-15周	全外文授课	优先:苏世民书院学生选课；15:20-16:55上课,5月11、18日周五第三大节(13:30-15:05)加课。教室信息请于开课前登陆网络学堂查看公告
法学院	70660293	0	市场管理法	3	张晨颖	40	13,14,23,24	前八周		优先:法学院学生选课；法学硕士
美术学院	80800262	0	视觉传达设计跨媒介研究	2	陈磊	20	13,14,43,44	9-12周		限:美术学院、美术学专业学生选课
美术学院	80801162	0	视觉形象系统设计研究	2	原博	30	41,42	3-10周		限:美院艺术专业学生选课；科普硕士
美术学院	80801452	0	视觉艺术中的空间：方法论与实践	2	封帆	15	13,14,33,3443,44,53,54	13-14周		限:美术学院、美术学专业学生选课
自动化系	80250773	0	视频处理和宽带通信	3	索津莉	40	12	全周		
建筑学院	70000483	0	室内空气流动数值模拟	3	李先庭	40	52	全周		
美术学院	80800332	0	室内设计研究	2	刘北光	15	13,14,53,54	13-16周		限:美术学院、美术学专业学生选课
美术学院	80800272	0	书籍设计	2	王红卫	25	13,14,43,44	13-16周		限:美术学院、美术学专业学生选课
人文学院	80690443	0	书志与书史	3	马楠	20	33,34	全周		
社科学院	70612843	0	属性数据分析专题	3	刘精明	30	12	全周		
计算机系	70240093	0	数据安全	3	于红波	50	42	全周		
工业工程	70160602	0	数据分析方法	2	李平科	40	24	全周	外文教材中文授课	优先:工业工程学生选课
社科学院	80700973	0	数据分析与优化建模	3	郑路	30	16	全周		
经管学院	80516683	0	数据分析战略与实践	3	徐心	30	51,52	1-12周		限:经管学院工商管理专业学生选课；哥大项目课程,9:00上课
计算机系	60240023	0	数据结构	3	舒继武	30	16	2-16周		
计算机系	80240683	0	数据可视化	3	胡事民	60	12	全周		
软件学院	74100062	0	数据库管理技术	2	叶晓俊	30	33	全周		优先:软件学院学生选课
自动化系	60250121	0	数据伦理	1	张佐	80	16	前八周		
社科学院	60700052	0	数据思维与行为	2	彭凯平	30	22	全周		
社科学院	80700963	0	数据与决策	3	钱静	10	23,24	全周		
周培源数学中心	70490012	0	数学物理中的渐近方法	2	朱毅	20	22	全周		
数学系	60420254	0	数值分析	4	李津	40	21,42	全周	全外文授课	限:留学生选课
数学系	60420044	0	数值分析A	4	殷东生	70	21,42	全周		
微纳电子系	71020043	0	数字VLSI系统的高层次综合	3	魏少军	80	52	全周		优先:微纳电子系学生选课
微纳电子系	70260013	0	数字集成系统设计	3	王志华	60	24,25	全周		优先:微纳电子系学生选课
新闻学院	70670133	0	数字媒体设计	3	刘惠芬	15	32	全周		
计算机系	70240173	0	数字系统自动设计	3	周强	30	22	全周		
电子系	80230342	0	数字信号处理器结构分析	2	窦维蓓	30	32	1-11周		先修数字信号处理
生命学院	90450151	0	衰老学说及研究	1	王耿	20	26	后八周		
环境学院	70050062	0	水处理过程化学	2	杨宏伟	40	34	全周		
水利系	90040012	0	水利工程学科前沿系列讲座	2	杨大文	60	54	全周		
土木系	90030024	0	水泥基材料化学与物理	4	阎培渝	20	33,34	全周		
环境学院	80050442	0	水质研究方法	2	胡洪营	50	26	全周		
法学院	80662042	0	司法制度与司法改革	2	何帆	50	63,64	单周		优先:法学院学生选课；研究生/高年级本科生
新闻学院	90670093	0	丝绸之路的跨文化研究	3	李希光	20	46	全周	外文授课≥50%	博士生课程
机械系	80120203	0	塑性加工模拟技术	3	方刚	20	12	全周		
交叉信息院	80470223	0	算法经济学	3	于洋	20	14,15	全周	全外文授课	优先:交叉信息院学生选课
计算机系	70240193	0	算法与算法复杂性理论	3	武永卫	120	32	全周		
数学系	80420074	0	随机过程	4	陈金文	20	12,52	全周		
经管学院	70510523	0	随机建模与优化	3	杨柳	20	23,24	全周		优先:经管学院学生选课
工业工程	90160112	0	随机优化	2	Zhu Wanshan	40	22	全周	外文教材中文授课	优先:工业工程学生选课
自动化系	80250953	0	太赫兹探测与成像技术	3	郑小平	15	26	全周		
公管学院	80590881	0	谈判技巧	1	彭宗超	70	61,62,71,72	11-15周		限:公管学院学生选课
材料学院	70350402	0	陶瓷材料断裂力学	2	龚江宏	50	53	前八周		
美术学院	80800152	0	陶瓷现代设计史	2	李正安	10	13,14,33,3443,44,53,54	9-10周		限:美术学院、美术学专业学生选课
社科学院	70720072	0	体育管理	2	刘波	40	41	全周		
社科学院	70720083	0	体育科学的数理基础与方法	3	曹春梅	40	42	全周		
社科学院	80720021	0	体育哲学	1	乔凤杰	40	46	前八周		
药学院	84000382	0	天然产物和药物分子设计与合成	2	唐叶峰	20	32	全周		优先:药学院、医学院、生命学院学生选课
美术学院	80800892	0	天然染色材料与工艺研究	2	杨建军	20	53,54	前八周		限:美术学院、美术学专业学生选课
物理系	70430203	0	天体物理中的辐射机制	3	茅奕	30	12	全周		
电子系	80230862	0	天线原理	2	李越	30	54	全周		先修电磁场理论、天线
数学系	90420083	0	调和分析引论	3	胡家信	20	32	全周		
电子系	70230193	0	通信网理论基础	3	牛志升	80	12	全周		
工物系	70320073	0	同位素分离	3	曾实	30	52	全周		
数学系	80428152	0	统计软件	2	李东风	20	32	1-11周		限:应用统计专业学生选课
电子系	70230033	0	统计信号处理	3	李洪	60	22	全周		先修概率、随机过程、线性代数
电子系	80230452	0	统计学习方法与信号和信息处理	2	刘加	40	13	全周		
计算机系	70240413	0	统计学习理论与应用	3	朱军	80	22	全周		
工业工程	80160512	0	统计咨询	2	邓柯	20	32	全周	外文教材中文授课	优先:工业工程统计学专业学生选课
经管学院	90510771	0	投入产出分析	1	潘文卿	30	36	8-16周		优先:经管学院学生选课
经管学院	80510312	2	投资学	2	李旻文	5	25,26	9,11-16周	全外文授课	限:经管学院工商管理专业学生选课
电子系	80230672	0	图象理解	2	章毓晋	40	42	全周		先修图象处理、图象分析
工物系	80320132	0	图像重建算法	2	邢宇翔	25	26,53	前八周		
水利系	80040122	0	土动力学与土工抗震工程	2	张建民	25	24,26	后八周		
土木系	70030212	0	土力学理论及数值方法	2	宋二祥	20	32	全周	外文授课≥50%	
土木系	80030641	0	土木工程结构体系	1	张崇厚	30	31	前八周		
航院	80330433	0	湍流概论	3	黄伟希	25	52	全周		
航院	80310433	0	湍流燃烧:理论和模型	3	任祝寅	15	23,24	全周	全外文授课	
社科学院	70612172	1	团体心理辅导	2	樊富珉	20	31	全周		限:社会学、心理学专业学生选课
社科学院	70612172	2	团体心理辅导	2	樊富珉	25		全周		限:应用心理专业学生选课
法学院	80661783	0	外国版权法	3	Joseph P.Liu	40		全周	全外文授课挑战性学习课程	优先:法学院学生选课; 国际知识产权法项目
法学院	70660353	0	外国行政诉讼法	3	余凌云	25	32	全周		优先:法学院学生选课；法学硕士
美术学院	80800101	0	外国染织文化史	1	张宝华	20	23,24	7-10周		限:美术学院、美术学专业学生选课
法学院	90660033	0	外国刑法专题研究	3	王钢	20	32	全周		优先:法学院学生选课；法学博士
法学院	70660393	0	外国刑事诉讼法	3	张建伟	40	13,14	全周		优先:法学院学生选课；法学硕士/博士
法学院	80661452	0	外国知识产权法专题	2	Heinz Goddar	40		全周	全外文授课挑战性学习课程	优先:法学院学生选课; 国际知识产权法项目
软件学院	84100232	0	网络测量与分析技术	2	何源	60	21,22	后八周		优先:软件学院学生选课
计算机系	80240303	0	网络存储技术	3	舒继武	40	36	全周		
网络研究院	84120053	0	网络空间测绘及安全态势感知	3	王继龙	50	52	全周		
交叉信息院	80470233	0	网络空间中的安全技术	3	吴文斐	30	23	全周	全外文授课	优先:交叉信息院学生选课
网络研究院	84120042	0	网络路由协议及其安全	2	毕军	40	16	全周		
网络研究院	84120022	0	网络入侵检测	2	王之梁	30	33	全周		
计算机系	80240283	0	网络系统的建模与分析	3	任丰原	40	52	全周		
软件学院	74100102	0	网络与信息安全技术	2	赵曦滨	50	11	全周		优先:软件学院学生选课
环境学院	80050263	0	危险废物处置技术	3	李金惠	25	52	全周	全外文授课	
微纳电子系	81020022	0	微处理器结构及设计	2	李树国	50	54	全周		优先:微纳电子系学生选课
微纳电子系	81020042	0	微电子封装技术	2	蔡坚	50	13	全周		优先:微纳电子系学生选课
数学系	70420534	0	微分几何III－复几何	4	周坚	20	26,46	全周		
数学系	70420494	0	微分几何II－黎曼几何	4	李海中	20	36,54	全周		
数学系	70420504	0	微分拓扑	4	马辉	20	23,51	全周		
机械系	80120793	0	微流控系统与表界面技术	3	陈皓生	10	53,54	1-12周		
精仪系	80130232	0	微米纳米测试技术	2	邢飞	27	23,24	前八周		
航院	80310563	0	微纳尺度力学行为表征与实验	3	冯雪	15	36	全周		
医学院	84000963	0	微纳生物医学前沿	3	刘鹏	30	22	全周		优先:医学院学生选课
精仪系	80130242	0	微系统设计与系统集成技术	2	张高飞	27	53,54	前八周		
航院	80330393	0	微细尺度流动与传热	3	梁新刚	20	52	全周		先修传热学
计算机系	60240063	0	微型计算机系统接口技术	3	周悦芝	30	23,24	全周		
人文学院	80612092	0	魏晋玄学	2	王晓毅	30	22	全周		
新闻学院	60670021	0	文创发展前沿讲座	1	张铮	40	26	双周		
人文学院	70612333	0	文化哲学专题研究	3	刘东	25	13,14	全周		
建筑学院	80000511	0	文物建筑保护技术	1	刘畅	30	23	前八周		
医学院	84000552	0	文献分析与批判性思维培养	2	沈晓骅	30	52	全周		优先:医学院、生命学院、药学院学生选课
马克思主义学院	70680132	0	文献检索与利用（马克思主义理论）	2	王宪明	30	52	前八周		优先:马克思主义学院学生选课
自动化系	82558001	2	文献检索与论文写作	1	曾晓牧	80		1-4周		限:工程硕士学生选课
图书馆	82558001	1	文献检索与论文写作	1	林佳	60	24	9-14周		限:工程硕士、风景园林硕士学生选课
人文学院	70611532	0	文艺学专题	2	罗钢	20	23,33	后八周		
地学系	70460022	0	稳定同位素生态学：原理与应用	2	林光辉	40	12	全周		
环境学院	80050462	0	污水管网过程原理与模型	2	刘艳臣	40	13,24	后八周		
电子系	80230502	0	无线定位系统的原理与应用	2	陆明泉	60	36	1-11周		
电子系	80230702	0	无线自组织网络技术	2	钟晓峰	40	22	全周		
物理系	70430213	0	物理宇宙学	3	茅奕	30	32	全周		
网络研究院	84120032	0	物联网安全	2	杨铮	30	42	全周		
工业工程	80160223	0	物流与供应链管理	3	黄四民	55	42	全周	全外文授课	优先:工业工程学生选课
工业工程	80168192	0	物流与供应链管理基础	2	黄四民	50	61,62,63,6471,72,73,74	4,7周		限:工程管理硕士学生选课; 上课时间地点最终以院系通知为准
法学院	70660582	0	物权法	2	汪洋	95	23	全周		优先:法律硕士(JM)学生选课；法律硕士和高年级本科生选课
土木系	70030232	0	误差理论与测量数据处理	2	白征东	30	33	全周		
建筑学院	80000731	0	西方当代建筑思想纲要	1	张利	80	23,24	13-16周		
法学院	80661663	0	西方法律思想史	3	高鸿钧	30	35,36	全周		优先:法学院学生选课；法学硕士/博士;6:30-8:55上课
法学院	70660233	0	西方法哲学	3	赵晓力	25	52	全周		优先:法学院学生选课；法学硕士
人文学院	80690453	0	西方古代数学史	3		20	52	全周		
人文学院	70690253	0	西方科学思想史专题选读	3	吴国盛	20	32	全周		
美术学院	80800982	0	西方现当代美术研究	2	张敢	20	23,24,43,44	5-8周		限:美术学院、美术学专业学生选课
网络研究院	84120112	0	系统安全前沿研究	2	张超	30	14	全周		
精仪系	80130062	0	系统辨识	2	朱荣	20	32	前八周		
自动化系	70250283	0	系统辨识理论与实践	3	杨帆	50	26	全周		具有现代控制理论、随机过程的基础知识
土木系	80030183	0	系统可靠性理论与工程	3	董聪	20	53,54	全周		
自动化系	70250063	0	系统学	3	张毅	30	12	全周		
生命学院	70450162	0	细胞骨架、细胞运动及人类疾病	2	潘俊敏	20	36	全周		
生命学院	80450561	0	细胞骨架和植物发育	1	黄善金	15	24	后八周		
航院	70310194	0	细胞生物力学与临床应用	4	赵虎成	8	26,33	全周		
生命学院	80450542	0	细胞通讯与细胞信号	2	吴畏	35	23	全周		
生命学院	80450521	0	细胞外微环境研究进展	1	欧光朔	20	34	前八周		
计算机系	80240173	0	下一代互联网	3	刘莹	40	52	全周		
化工系	80340092	0	先进功能高分子材料	2	王晓工	30	32	全周		
工物系	80320502	0	先进核能系统及其设计与管理	2	王侃	40	13	全周		优先:工物系、核研院学生选课；核电工程与管理国际硕士项目课程
材料学院	70350232	0	先进结构陶瓷材料	2	谢志鹏	50	16	全周		
土木系	80030582	0	纤维复合材料工程结构理论	2	冯鹏	30	34,35	5-15周		
美术学院	80800672	0	纤维艺术	2	林乐成	20	43,44,53,54	1-4周		限:美术学院、美术学专业学生选课
经管学院	80516451	2	鲜活案例研究	1	谢滨	20	61,62	10-16周		优先:经管学院学生选课；9:00-11:00上课,12周教室伟伦楼404
数学系	80421104	0	弦论导论	4	宋伟	10	22,32	全周		
生命学院	80450612	0	显微镜原理及其在生物学中的应用	2	陈春来	25	53	全周		
工业工程	80160052	0	现代安全工程	2	李志忠	35	14	全周	外文教材中文授课	优先:工业工程学生选课
材料学院	80350523	0	现代材料工艺学	3	许庆彦	50	12	全周		
机械系	70120063	0	现代材料加工	3	邹贵生	30	12	全周		
材料学院	70350423	0	现代材料加工	3	李言祥	50	36	全周		
自动化系	80250842	0	现代服务理论与行业应用案例	2	杨吉江	20		1-4周		限:工程管理硕士学生选课
土木系	80030653	0	现代工程结构抗火原理与实践(英)	3	李威	30	36	全周	全外文授课	
化学系	80440431	0	现代光学成像分析基础	1	何彦	10	26	前八周		
精仪系	80130013	0	现代光学实验	3	曹良才	27	23,24	全周		
环境学院	70050242	0	现代环境微生物监测原理与技术	2	王慧	40	23,33	后八周		
机械系	80120762	0	现代机电工程	2	朱煜	25	13,14	后八周		
自动化系	80250102	0	现代检测技术	2	曹丽	25	11	全周		
自动化系	60250074	0	现代控制理论	4	石宗英	40	34	全周		
工业工程	80160192	0	现代库存管理理论	2	赵晓波	30	41	全周	外文教材中文授课	优先:工业工程学生选课
美术学院	80800542	0	现代漫画创作	2	吴冠英	25	23,24,43,44	9-12周		优先:美术学院学生选课
电机系	80220222	0	现代能量管理系统	2	孙宏斌	55	31	全周		
化工系	80340502	0	现代生命科学与生物工程进展	2	张翀	30	16,24	后八周	全外文授课	
生命学院	70450193	0	现代生物学基础2	3	颜宁	50	12,13	全周		优先:生命学院、医学院学生选课；专为PTN,CLS项目开设,其他学生勿选
精仪系	80130272	0	现代生物医学检测技术	2	任大海	27	23,24	后八周		
医学院	84000933	0	现代数字信号处理	3	罗建文	50	32	全周		优先:医学院学生选课
能动系	70140192	0	现代水力发电系统（工程）仿真与控制	2	樊红刚	15	14	全周		
水利系	70040064	0	现代水资源规划	4	赵建世	25	23,24	全周		
自动化系	70250033	0	现代信号处理	3	高飞飞	50	52	全周		
精仪系	70130293	0	现代信息光学	3	巩马理	15	12	全周		
电子系	80230282	0	现代信息网络技术	2	李星	60	14	全周		
水利系	80040242	0	现代遥感水文学	2	Hong Yang	40	23,24	后八周	全外文授课	
数学系	60420174	0	现代优化方法	4	邢文训	70	24,41	全周		
计算机系	80240133	0	现代优化算法――设计与实践	3	董社勤	50	16	全周		
美术学院	80801762	0	现代装饰艺术	2	李家骝	15	13,14,33,3443,44,53,54	14-15周		限:美术学院、美术学专业学生选课
法学院	90660103	0	宪法专题研究	3	林来梵	20	46	全周		优先:法学院学生选课；法学博士
建筑学院	Y0000132	0	乡土建筑与东方主义	2	罗德胤	20	13,14,41,42	11-14周		
法学院	90660173	0	香港澳门基本法研究	3	林来梵	20	42	全周		优先:法学院学生选课；法学博士
经管学院	80510762	0	项目管理	2	李纪珍	60	23,24	前八周		限:工商管理专业学生选课
土木系	70910062	0	项目计划与控制	2	王守清	30	23,24	前八周		
美术学院	80800822	0	肖像雕塑	2	王洪亮	15	43,44,53,54	5-8周		限:美术学院、美术学专业学生选课
经管学院	90510543	0	消费者行为研究I：判断与决策	3	郑毓煌	15	23,24	5-16周		优先:经管学院学生选课
经管学院	80510262	0	销售管理	2	宋学宝	60	23,24	后八周		限:工商管理专业学生选课
计算机系	80240313	0	小波分析及其工程应用	3	孙延奎	30	52	全周		
医学院	80615672	0	心理健康专题	2	樊富珉	25		全周		限:公共卫生专业学生选课
外文系	80640072	0	心理语言学	2	崔刚	20	22	全周		
社科学院	80700403	0	心理咨询	3	樊富珉	40		全周		限:社会工作专业学生选课
社科学院	80700733	0	心理咨询与治疗新进展	2	李松蔚	25		全周		限:应用心理专业学生选课
人文学院	80690463	0	心灵哲学	3		30	23,24	全周		
新闻学院	80670163	0	新媒体传播专题	3	熊澄宇	20	42	全周		限:新闻学院学生选课; 博士生课程
新闻学院	70670093	0	新媒体研究	3	吕宇翔	30	12	全周		
新闻学院	90670113	0	新闻传播学历史、理论与方法研究2	3	陈昌凤	32	22	全周	外文授课≥50%	博士生课程
新闻学院	90670073	0	新闻传播与社会变迁	3	李彬	15	12	全周		博士生课程
新闻学院	80670702	0	新闻摄影与图片编辑	2	吕明响	30	13,14,15	1-6周		限:新闻学院学生选课
新闻学院	80670793	0	新闻写作与多媒体报道	3	Richard S. Dunham	35	32	全周	全外文授课	
材料学院	80350151	0	新型功能材料专题	1	潘峰	50	13	前八周		
电子系	80230212	0	信道编码	2	周世东	60	21,52	前八周		
法学院	80661882	0	信托法	2	沈朝晖	40	13	全周		优先:法学院学生选课；研究生/高年级本科生
图书馆	70750012	0	信息存取原理与技术	2	张成昱	30	22	全周		
自动化系	80258082	0	信息化系统与工程导论	2	张林宣	80		1-4周		限:工程硕士学生选课
自动化系	80250982	0	信息化与工业化融合系统工程	2	崔德光	80		前八周		限:工程硕士学生选课
美术学院	80801052	0	信息技术前沿与设计应用	2	徐迎庆	25	13,14,33,34	9-12周		优先:美术学院学生选课
计算机系	80240262	0	信息检索的前沿研究	2	张敏	40	52	全周		
自动化系	70250222	0	信息论基础	2	冯建江	50	13,42	前八周		
交叉信息院	80470182	0	信息物理学	2	孙麓岩	10	33	全周	全外文授课	优先:交叉信息院学生选课
美术学院	80800562	0	信息艺术产品应用设计	2	张磊	15	33,34,53,54	9-12周		优先:美术学院学生选课
计算机系	80240382	0	信息隐藏和数字水印技术	2	王道顺	40	46	全周		
法学院	90660143	0	刑法分论专题研究	3	黎宏	20	22	全周		优先:法学院学生选课；法学博士
法学院	70660193	0	刑法各论	3	张明楷	35	12	全周		优先:法学院学生选课；法学硕士
法学院	70660133	0	刑法总论	3	周光权	135	22	全周		优先:法律硕士(JM)学生选课; 2017法律硕士必修课
电子系	80230562	0	虚拟现实技术与多媒体人机交互	2	王生进	60	14	全周		先修数字图像处理、信号与系统
社科学院	80701092	0	虚拟现实与心理学	2	宛小昂	10	53	全周		优先:心理学专业学生选课
外文系	90640062	0	叙事理论专题研究	2	封宗信	20	45	全周		
新闻学院	80670871	0	学术规范与传播职业伦理	1		90	51,52	13-16周		
社科学院	70700191	1	学术规范与职业伦理	1	雷毅	40	24	前八周		
社科学院	70700191	2	学术规范与职业伦理	1	雷毅	40	46	前八周		
材料学院	80350422	0	压电陶瓷结构、器件与应用	2	褚祥诚	50	26	全周		
法学院	80661944	0	亚洲国际仲裁	4	Justin D Agostino	40		全周	全外文授课挑战性学习课程	优先:法学院学生选课; 国际仲裁和争端解决项目
水利系	80040252	0	岩土工程仿真	2	张嘎	30	53	全周		
水利系	80040043	0	岩土与结构工程数值方法	3	杨强	20	52	全周		
生命学院	80450332	0	研究神经通路与行为的方法与模型	2	罗敏敏	50	55,56	前八周		
体育部	60720020	1	研究生体育――健美（男子）	0	张新贵	30	12	前八周		限:男生选课
体育部	60720020	2	研究生体育――健美（男子）	0	张新贵	30	12	后八周		限:男生选课
体育部	60720160	1	研究生体育--网球（男）	0	朱全海	20	34	前八周		限:男生选课；男女合班上课
体育部	60720160	2	研究生体育--网球（男）	0	朱全海	20	34	后八周		限:男生选课；男女合班上课
体育部	60720160	3	研究生体育--网球（男）	0	王壹伦	18	14	前八周		限:男生选课；男女合班上课
体育部	60720160	4	研究生体育--网球（男）	0	王壹伦	18	14	后八周		限:男生选课；男女合班上课
体育部	60720170	1	研究生体育--网球（女）	0	朱全海	10	34	前八周		限:女生选课；男女合班上课
体育部	60720170	2	研究生体育--网球（女）	0	朱全海	10	34	后八周		限:女生选课；男女合班上课
体育部	60720170	3	研究生体育--网球（女）	0	王壹伦	14	14	前八周		限:女生选课；男女合班上课
体育部	60720170	4	研究生体育--网球（女）	0	王壹伦	14	14	后八周		限:女生选课；男女合班上课
体育部	60720290	1	研究生体育－－武术	0	郭惠珍	32	32	前八周		易筋经，男女混合班
体育部	60720290	2	研究生体育－－武术	0	郭惠珍	32	32	后八周		易筋经，男女混合班
体育部	60720140	1	研究生体育――游泳（男）	0	张威	20	31	前八周		限:男生选课；初学班.男女合班.严禁患心脑肺肝/癫痫/皮肤/眼耳等疾病者选课
体育部	60720140	2	研究生体育――游泳（男）	0	张威	20	31	后八周		限:男生选课；初学班.男女合班.严禁患心脑肺肝/癫痫/皮肤/眼耳等疾病者选课
体育部	60720140	3	研究生体育――游泳（男）	0	那树森	20	31	前八周		限:男生选课；初学班.男女合班.严禁患心脑肺肝/癫痫/皮肤/眼耳等疾病者选课
体育部	60720140	4	研究生体育――游泳（男）	0	那树森	20	31	后八周		限:男生选课；初学班.男女合班.严禁患心脑肺肝/癫痫/皮肤/眼耳等疾病者选课
体育部	60720140	5	研究生体育――游泳（男）	0	马为民	15	41	前八周		限:男生选课；初学班.男女合班.严禁患心脑肺肝/癫痫/皮肤/眼耳等疾病者选课
体育部	60720140	6	研究生体育――游泳（男）	0	马为民	15	41	后八周		限:男生选课；初学班.男女合班.严禁患心脑肺肝/癫痫/皮肤/眼耳等疾病者选课
体育部	60720140	7	研究生体育――游泳（男）	0	邵怀月	15	41	前八周		限:男生选课；初学班.男女合班.严禁患心脑肺肝/癫痫/皮肤/眼耳等疾病者选课
体育部	60720140	8	研究生体育――游泳（男）	0	邵怀月	15	41	后八周		限:男生选课；初学班.男女合班.严禁患心脑肺肝/癫痫/皮肤/眼耳等疾病者选课
体育部	60720150	1	研究生体育――游泳（女）	0	张威	10	31	前八周		限:女生选课；初学班.男女合班.严禁患心脑肺肝/癫痫/皮肤/眼耳等疾病者选课
体育部	60720150	2	研究生体育――游泳（女）	0	张威	10	31	后八周		限:女生选课；初学班.男女合班.严禁患心脑肺肝/癫痫/皮肤/眼耳等疾病者选课
体育部	60720150	3	研究生体育――游泳（女）	0	那树森	10	31	前八周		限:女生选课；初学班.男女合班.严禁患心脑肺肝/癫痫/皮肤/眼耳等疾病者选课
体育部	60720150	4	研究生体育――游泳（女）	0	那树森	10	31	后八周		限:女生选课；初学班.男女合班.严禁患心脑肺肝/癫痫/皮肤/眼耳等疾病者选课
体育部	60720150	5	研究生体育――游泳（女）	0	马为民	15	41	前八周		限:女生选课；初学班.男女合班.严禁患心脑肺肝/癫痫/皮肤/眼耳等疾病者选课
体育部	60720150	6	研究生体育――游泳（女）	0	马为民	15	41	后八周		限:女生选课；初学班.男女合班.严禁患心脑肺肝/癫痫/皮肤/眼耳等疾病者选课
体育部	60720150	7	研究生体育――游泳（女）	0	邵怀月	15	41	前八周		限:女生选课；初学班.男女合班.严禁患心脑肺肝/癫痫/皮肤/眼耳等疾病者选课
体育部	60720150	8	研究生体育――游泳（女）	0	邵怀月	15	41	后八周		限:女生选课；初学班.男女合班.严禁患心脑肺肝/癫痫/皮肤/眼耳等疾病者选课
体育部	60720180	1	研究生体育--羽毛球（男）	0	高全	18	41	前八周		限:男生选课；男女合班上课
体育部	60720180	2	研究生体育--羽毛球（男）	0	高全	18	41	后八周		限:男生选课；男女合班上课
体育部	60720190	1	研究生体育--羽毛球（女）	0	高全	18	41	前八周		限:女生选课；男女合班上课
体育部	60720190	2	研究生体育--羽毛球（女）	0	高全	18	41	后八周		限:女生选课；男女合班上课
土木系	80030033	0	遥感技术原理及应用	3	赵红蕊	30	26	全周		
化工系	80340412	0	药物递送原理与技术	2	黄延宾	30	53	全周		
自动化系	70258072	0	业务流程管理与重构	2	李清	100		全周		限:工程管理硕士、工程硕士学生选课
软件学院	84108033	0	业务流程与资产管理	3	赵曦滨	30		全周		MEM课程
能动系	70140072	0	叶轮机械气动热力学	2	任静	15	12	全周		
化工系	70340122	0	液液萃取化工基础	2	骆广生	30	24,53	后八周		
人文学院	80614293	0	一阶逻辑	3	俞珺华	20	42	全周		建议哲学系研究生选课
医学院	84000272	0	医学影像学	1	王廉一	20	35	前八周		限:临床医学专业学生选课
生命学院	90450063	0	遗传发育生物学专题讨论	3	纪家葵	60	21,22,41,42	全周		优先:生命学院、医学院学生选课；专为PTN,CLS项目开设,其他学生勿选
美术学院	80801174	0	艺术管理研究与实践	4	章锐	20	33,34,53,54	前八周		
美术学院	80807012	0	艺术设计方法研究	2	柳冠中	40	13,14,43,44	5-8周		限:美术学院艺术专业学生选课
美术学院	70807032	0	艺术原理	2	陈岸瑛	40	23,24	后八周		限:美术学院艺术专业学生选课
微纳电子系	81020182	0	异步电路设计	2	陈虹	40	23	全周		优先:微纳电子系学生选课
社科学院	80700163	0	意识与决策	3	李虹	10	23,24	全周		
电子系	80230942	0	音频信号处理系统	2	窦维蓓	30	12	1-11周		预备信号处理知识
法学院	80662163	0	银行法：理论与实践	3	高丝敏	45	16	全周		优先:法学院学生选课；研究生/高年级本科生
法学院	80660752	0	英美刑法	2	劳东燕	25	33,34	后八周		优先:法学院学生选课；法学硕士
自动化系	60250101	0	英文科技论文写作与学术报告	1	管晓宏	100	46	5-10周	全外文授课	
外文系	60640232	0	英语(第二外国语)(2)	2	廖望	40	22,42	全周		
工业工程	60640012	18	英语（第一外国语）	2	徐燕红	50	41,42,43,44	2,5,11,14周		限:工程管理专业学生选课; 上课时间地点以院系最终通知为准
工业工程	60640012	19	英语（第一外国语）	2	徐燕红	50	41,42,43,44	3,8,12,15周		限:工程管理专业学生选课; 上课时间地点以院系最终通知为准
工业工程	60640012	20	英语（第一外国语）	2	徐燕红	50		15周		限:工程管理专业学生选课; 上课时间地点以院系最终通知为准
外文系	60640012	1	英语（第一外国语）	2	赵英男	32	11	全周		美国电影研究之科幻专题;60-74.5之间
外文系	60640012	2	英语（第一外国语）	2	罗承丽	32	31	全周		中国文化概览（建议60-75分同学选课）
外文系	60640012	3	英语（第一外国语）	2	罗承丽	32	32	全周		中国文化概览（建议60-75分同学选课）
外文系	60640012	4	英语（第一外国语）	2	罗承丽	32	51	全周		中国文化概览（建议60-75分同学选课）
外文系	60640012	5	英语（第一外国语）	2	罗承丽	32	52	全周		中国文化概览（建议60-75分同学选课）
外文系	60640012	6	英语（第一外国语）	2	何福胜	30	31	全周		高级英语交流（通用学术英语A类课程）
外文系	60640012	7	英语（第一外国语）	2	何福胜	30	32	全周		高级英语交流（通用学术英语A类课程）
外文系	60640012	8	英语（第一外国语）	2	李秀立	32	11	全周		高级文化交流（以文化对话为主要内容的学术英语A类）
外文系	60640012	9	英语（第一外国语）	2	李秀立	32	12	全周		高级文化交流（以文化对话为主要内容的学术英语A类）
外文系	60640012	10	英语（第一外国语）	2	李秀立	32	31	全周		高级文化交流（以文化对话为主要内容的学术英语A类）
外文系	60640012	11	英语（第一外国语）	2	李秀立	32	32	全周		高级文化交流（以文化对话为主要内容的学术英语A类）
外文系	60640012	12	英语（第一外国语）	2	沈明波	32	11	全周		中级英语文化交流;60-74.5之间
外文系	60640012	13	英语（第一外国语）	2	沈明波	32	12	全周		中级英语文化交流;60-74.5之间
外文系	60640012	14	英语（第一外国语）	2	张英	32	31	全周		中级英语语言与文化
外文系	60640012	15	英语（第一外国语）	2	张英	32	32	全周		中级英语语言与文化
外文系	60640012	16	英语（第一外国语）	2	张英	32	51	全周		学术英语阅读与写作
外文系	60640012	17	英语（第一外国语）	2	张英	32	52	全周		学术英语阅读与写作
外文系	60640012	21	英语（第一外国语）	2	王红利	40	11	全周		听说提高（以电影配音脚本改写为媒介）
外文系	60640012	22	英语（第一外国语）	2	王红利	40	12	全周		听说提高（以电影配音脚本改写为媒介）
外文系	60640012	23	英语（第一外国语）	2	王红利	40	31	全周		学术英语视听、写作与演讲
外文系	60640012	24	英语（第一外国语）	2	王红利	40	32	全周		学术英语视听、写作与演讲
外文系	60640012	25	英语（第一外国语）	2	王红利	40	51	全周		英汉对比学术英语写作
新闻学院	80670612	0	英语特稿写作	2	王家全	40	54	全周	全外文授课	
经管学院	80516622	2	营销分析	2	孙亚程	20	45,46	前八周		优先:经管学院学生选课; 18:45-22:00上课
经管学院	80516623	1	营销分析	3		10	22	全周	全外文授课	限:经管学院工商管理专业学生选课；哥大项目课程
经管学院	80516623	2	营销分析	3		10	22	全周	全外文授课	网上不选课
经管学院	80516623	3	营销分析	3		30	22	全周	全外文授课	限:经管学院硕士生选课
经管学院	90510523	0	营销模型研究 I	3	陈煜波	15	13,14	1-12周		优先:经管学院学生选课; 18:30上课
经管学院	90510653	0	营销模型研究II	3		15	13,14	全周		优先:经管学院学生选课
经管学院	80510872	1	营销研究	2	郑毓煌	20	25,26	后八周	全外文授课	限:工商管理专业学生选课；18:30-21:55上课
医学院	84000802	0	营养健康学	2	程峰	50	13,14	前八周	全外文授课	限:公共卫生专业学生选课；IMPH学生选课
新闻学院	70670123	1	影视传播研究	3	尹红	30	13,14	全周		
新闻学院	70670123	2	影视传播研究	3	曹书乐	40		11-16周		限:新闻与传播专业学生选课
核研院	71010093	0	应用核技术	3	向新程	40	52	全周		
社科学院	80701083	0	应用计量经济学	3	孙震	15	52	全周		先修本科计量课程
数学系	60420153	0	应用近世代数	3	杨晶	80	42	全周		
物理系	60430124	0	应用量子力学	4	杜春光	30	22,41	全周		
物理系	60430093	0	应用声学	3	傅德永	35	12	全周		
经管学院	70510273	0	应用随机过程	3	张丽宏	30	41,42	1-12周		优先:经管学院学生选课; 8:50上课
经管学院	90510491	0	应用微观计量经济学	1	李宏彬	30	41,42,51,52	3,8周		限:经管学院学生选课；8:50上课
社科学院	80708021	0	应用心理专业外语	1	彭凯平	10		前八周		限:社会学、心理学、应用心理专业学生选课
电子系	70230063	0	应用信息论基础	3	邓北星	150	32	全周		先修概率论与随机过程
经管学院	70511073	1	优化理论与方法	3	王纯	30	26	全周		限:经管学院工商管理专业学生选课；哥大项目课程
经管学院	70511073	2	优化理论与方法	3	王纯	10	26	全周		限:经管学院硕士生选课
材料学院	80350222	0	有机功能材料	2	蔡强	50	16	全周		
化学系	80440332	0	有机光电材料与器件	2	段炼	10	51	全周		
数学系	70420033	0	有限元方法II	3	郑春雄	20	22	全周		
机械系	70120073	0	有限元分析及应用	3	曾攀	50	32	全周	混合式教学	
土木系	70030033	0	有限元及变分法基础	3	钟宏志	40	13,33	1-12周		
人文学院	80690332	0	语言类型学	2	张赪	15	52	全周		
外文系	90640032	0	语言文学界面研究	2	刘世生	20	32	全周		
外文系	80640272	0	语言习得	2	杨小璐	15	46	全周		
人文学院	90610333	0	语言学理论专题研究	3	张美兰	20	42	全周		
电子系	70230052	0	语音信号处理	2	肖熙	40	31	全周		先修数字信号处理
计算机系	70240123	0	语音信号数字处理	3	郑方	30	13,14	全周		
化学系	80440132	0	元素有机化学	2	席婵娟	12	51	全周		
社科学院	70729012	0	运动生理生化基础	2	张冰	40	16	全周		
法学院	70660053	0	债权法专题研究	3	王洪亮	40	42,53,54	后八周		优先:法学院学生选课；法学硕士
能动系	70140113	0	粘性流体力学	3	祝宝山	20	56	全周		
航院	70330133	0	粘性流体力学	3	李启兵	30	12	全周		
新闻学院	70670313	1	战略传播	3	范红	30	42	全周		
新闻学院	70670313	2	战略传播	3	范红	40		11-16周		限:新闻与传播专业学生选课
经管学院	80516711	2	战略分析工作坊	1	White Richard Steven	5	51,52,53,54	1,6周	全外文授课	网上不选课
工业工程	60168062	1	战略管理	2	蔡临宁	50	51,52,53,54	2,5,11,14周		限:工程管理专业学生选课; 上课时间地点以院系最终通知为准
工业工程	60168062	2	战略管理	2	蔡临宁	50	51,52,53,54	3,8,12,15周		限:工程管理专业学生选课; 上课时间地点以院系最终通知为准
工业工程	60168062	3	战略管理	2	蔡临宁	50		16周		限:工程管理专业学生选课; 上课时间地点以院系最终通知为准
环境学院	80050352	0	战略环境评价与环境管理案例分析	2	刘毅	40	53,54	前八周		
经管学院	80514802	1	战略联盟与合作战略	2	吴蕊	30	31,32	前八周	全外文授课	限:工商管理专业学生选课; 9:00-12:00上课
社科学院	70612922	0	战略新兴产业专题	2	吴金希	25	16	3-13周		
软件学院	84100262	0	真实感渲染技术	2	徐枫	30	34	全周		优先:软件学院学生选课
航院	80330322	0	振动模态分析及其应用	2	陆秋海	15	53	全周		
汽车系	80150523	0	振动模态分析与试验	3	范子杰	30	22	全周		
苏世民书院	60970012	0	整合实践	2	程文浩	126		11-15周		限:苏世民书院学生选课; 具体上课时间以通知为准
外文系	80640722	0	正念与日常	2	尹莉	13	42	全周		
法学院	70660423	1	证据法	3	易延友	55	32	全周		优先:法律硕士(JM)学生选课；法律硕士和高年级本科生选课
法学院	70660423	2	证据法	3	张建伟	40	22	全周		优先:法学院学生选课；法学硕士
法学院	80662182	0	证券法专题研究	2	沈朝晖	60	32	全周		优先:法学院学生选课；研究生/高年级本科生
公管学院	70590252	0	政策设计与评估	2	苏竣	40	33,34,51,52	4-7周		网上不选课
社科学院	80700851	0	政策实践 (一)	1	唐晓阳	30		全周		清华霍普金斯双硕士项目课程
公管学院	80590132	0	政府与市场	2	巫永平	60	13,14,41,42	11-14周		网上不选课
社科学院	70613043	0	政治经济学专题	3	赵准	30	26	全周		
社科学院	80615213	0	政治学方法论研究	3	张小劲	20	23,24	全周		
社科学院	60610192	0	政治学经典导读——国家的秘密	2	谈火生	30	42	全周		
法学院	80661863	0	知识产权法学	3	蒋舸	65	42	全周		优先:法律硕士(JM)学生选课；法律硕士和高年级本科生选课
计算机系	70240103	0	知识工程	3	李涓子	40	52	全周		
公管学院	80591111	0	知识管理	1	黄萃	40	71,72	4-8周		限:公管学院学生选课
学生部	82070011	1	职业能力拓展训练	1	蔡志楠	30	26	前八周		
学生部	82070011	2	职业能力拓展训练	1	蔡志楠	30	26	后八周		
社科学院	80708032	0	职业生涯辅导	2	樊富珉	25		全周		限:应用心理专业学生选课
建筑学院	70000542	0	植物景观规划设计	2	李树华	40	53,54	后八周		
生命学院	80450591	0	植物信号转导研讨课	1	赵乔	15	53	后八周		
机械系	80120692	0	制造过程数值模拟技术	2	王罡	20	12	全周	全外文授课	
机械系	70120223	0	制造技术(1)	3	王辉	50	22	全周	全外文授课	
机械系	80120723	0	制造技术(2)	3	石伟	30	53,54	全周	全外文授课	
水利系	80040312	0	治河方略概论	2	张红武	20	23,24	前八周		
社科学院	70700263	0	治理技术专题：定量政治分析方法	3	苏毓淞	35	33,34	全周		
计算机系	70240073	0	智能控制	3	邓志东	30	23,24	全周		
人文学院	80690193	0	中俄关系史文献研读	3	王奇	20	22	全周		
美术学院	80801062	0	中古时期中国与周边地区文化艺术交流	2	李静杰	30	63,64	前八周		
美术学院	80800852	0	中国传统雕塑现代语言研究	2	曾成钢	15	13,14,33,34	11-14周		限:美术学院、美术学专业学生选课
法学院	80662123	0	中国传统法哲学研究	3	屠凯	25	42,53,54	前八周		优先:法学院学生选课；研究生/高年级本科生
美术学院	80800174	0	中国传统陶瓷雕塑	4	邱耿钰	10	13,14,33,3443,44,53,54	3-6周		限:美术学院、美术学专业学生选课
法学院	80669103	0	中国对外贸易和外商投资法	3		19	21,22	前八周	全外文授课	限:法律硕士(JM)留学生选课
法学院	80661472	1	中国法律汉语	2	李燕辉	30	15,16	前八周	外文教材中文授课	限:法学院留学生选课
法学院	80661472	2	中国法律汉语	2	李燕辉	30	25,26	前八周	外文教材中文授课	限:法学院留学生选课
苏世民书院	80977032	0	中国法与比较法	2	王晨光	30	13,33	1-7周	全外文授课	优先:苏世民书院学生选课；13:30-15:05上课,3月2、9日周五第二大节(9:50-11:25)加课。教室信息请于开课前登陆网络学堂查看公告
法学院	80661673	0	中国法制史研究	3	陈新宇	30	42	全周		优先:法学院学生选课；法学硕士/博士
美术学院	80800601	0	中国风尚的文本与形式	1	贾玺增	20	11,12	1-4周		限:美术学院、美术学专业学生选课
苏世民书院	80977002	0	中国改革与社会变迁	2	郑路	50	24,44	1-7周	全外文授课	优先:苏世民书院学生选课；3月2、9日周五第三大节加课,具体教室信息请于开课前登陆网络学堂查看公告
苏世民书院	80974073	0	中国公共政策	3	薛澜	55	13,14,33,34	1-7周	全外文授课	优先:苏世民书院学生选课；13:30-16:05上课,3月2、9日周五第二大节（9:50-12:15）加课。教室信息请于开课前登陆网络学堂查看公告
法学院	80669053	0	中国公司法和破产法	3	蒋舸	19	31,32	前八周	全外文授课	限:法律硕士(JM)留学生选课
人文学院	80612012	0	中国古代礼学思想研究	2	彭林	20	32	全周		
马克思主义学院	80680033	0	中国化的马克思主义	3	王传利	8	11,12	后八周		
美术学院	80800702	0	中国画笔墨情趣研究	2	王巍	20	13,14,33,3443,44,53,54	5-6周		留学生中国文化课，全校开放
经管学院	80516042	1	中国金融实务课堂（II）	2	沈涛	50	16	1-12周		限:经管学院金融专业学生选课；19:20-21:45上课
经管学院	80516042	3	中国金融实务课堂（II）	2	沈涛	10	16	1-12周		限:金融学院金融专业学生选课；19:20-21:45上课
经管学院	80516042	4	中国金融实务课堂（II）	2	沈涛	60	16	1-12周		19:20-21:45上课
经管学院	80516542	1	中国金融实务课堂4-基金投资与行业分析	2	庞家任	50	26	1-12周		限:经管学院金融专业学生选课；19:00-21:30上课
经管学院	80516542	2	中国金融实务课堂4-基金投资与行业分析	2	庞家任	10	26	1-12周		限:金融学院金融专业学生选课；19:00-21:30上课
经管学院	80516542	3	中国金融实务课堂4-基金投资与行业分析	2	庞家任	80	26	1-12周		19:00-21:30上课
人文学院	70690243	0	中国近现代科技史研究	3		20	33,34	全周		
社科学院	70611852	0	中国近现代科学技术史	2	鲍鸥	15	12	1-11周		限:哲学、社会学、科学技术史专业学生选课
人文学院	70612423	0	中国近现代史文献研读	3	张勇	25	42	全周		
马克思主义学院	80680043	0	中国近现代政治思想史研究	3	蔡乐苏	30	53,54	全周		优先:马克思主义学院学生选课
公管学院	70590603	0	中国经济发展与政策	3	胡鞍钢	50	16,23,24	前八周	全外文授课	优先:公管学院学生选课
经管学院	80514611	2	中国经济前沿问题解读	1	朱云来	10	35,36	2,4,6,8周		限:经管学院金融专业学生选课
人文学院	80690423	0	中国经济史研究	3	倪玉平	25	12	全周		
马克思主义学院	90680032	1	中国马克思主义与当代	2	刘敬东	180	12	2-10周		
马克思主义学院	90680032	2	中国马克思主义与当代	2	刘立	180	12	2-10周		
马克思主义学院	90680032	3	中国马克思主义与当代	2	吴彤	180	34,35	2-10周		
马克思主义学院	90680032	4	中国马克思主义与当代	2	肖广岭	180	14,15	2-10周		
马克思主义学院	90680032	5	中国马克思主义与当代	2	吕嘉	180	24,25	2-10周		
马克思主义学院	90680032	6	中国马克思主义与当代	2	韦正翔	180	34,35	2-10周		
美术学院	80800121	0	中国染织文化史	1	贾京生	20	43,44	13-16周		限:美术学院、美术学专业学生选课
美术学院	80801922	0	中国书画美学	2	陈池瑜	20	13,14	后八周		限:美术学院、美术学专业学生选课
马克思主义学院	60680012	1	中国特色社会主义理论与实践研究	2	林毅	120	22	2-11周		
马克思主义学院	60680012	3	中国特色社会主义理论与实践研究	2	何建宇	20	16,36	8-12周		限:苏世民书院学生选课；7:00-21:35上课
社科学院	60680012	2	中国特色社会主义理论与实践研究	2	蔡万焕	25		全周		限:应用心理专业学生选课
公管学院	80590322	0	中国外交战略与政策	2	楚树龙	80	15,16	1-10周		限:公管学院学生选课
外文系	60640522	0	中国文化概览	2	罗承丽	32	33	全周		
法学院	80661583	0	中国文化与法	3	苏亦工	40	32	全周		优先:法学院学生选课；法学硕士/博士
公管学院	80590773	0	中国宪法与行政法	3	于安	50	33,34,42	前八周	全外文授课	优先:公管学院学生选课
马克思主义学院	90680022	0	中国新农村建设专题研究	2	解安	36	46	后八周		
人文学院	80613603	0	中国学术史研究	3	阿部幸信	30	42	全周		
工业工程	80160433	0	中国研究：产业、社会与文化	3	Zhu Wanshan	50	33,34	全周	全外文授课	限:工业工程留学生选课；全球制造全英文项目课程
法学院	80669022	0	中国银行法	2	高丝敏	30	12	前八周	全外文授课	限:法学院留学生选课
人文学院	60610132	0	中国哲学	2	高海波	80	32	全周		限:留学生选课
外文系	60640552	0	中国哲学新视野	2	周允程	80	22	全周		
法学院	80669142	0	中国证券法	2	汤欣	30	23,24	前八周	全外文授课	限:法学院留学生选课
社科学院	80700951	0	中国政治经济案例分析(2)	1	唐晓阳	20		全周		清华霍普金斯双硕士项目课程
社科学院	60610212	0	中国政治实证研究	2	景跃进	10	33	全周		
法学院	80669072	0	中国知识产权法概论	2	冯术杰	30	13,14	前八周	全外文授课	限:法律硕士(JM)留学生选课
工业工程	80160423	0	中国制造	3	张弛	30	23,24	全周	全外文授课	限:工业工程学生选课
经管学院	80516651	2	中国重要统计指标解读与应用	1	许宪春	10	25,26	1-4周		限:经管学院学生选课; 18:45-22:00上课
人文学院	60610172	1	中级汉语	2	朱文韬	25	12	全周		秋季学期分级考试:46-60分（A卷）Fall semester Placement Test：46-60（Paper A）
人文学院	60610172	2	中级汉语	2	朱文韬	25	32	全周		秋季学期分级考试:61-75分（A卷）/20-35分（B卷） Placement Test：61-75（Paper A）/20-35（Paper B）
人文学院	60610172	3	中级汉语	2	邵煜	25	11,31	前八周		网上不选课,Only for IMBA Program Students of SEM
法学院	80662053	0	中美经济贸易关系中的法律问题	3	杨国华	35	32	全周		优先:法学院学生选课；研究生/高年级本科生
苏世民书院	80977072	0	中美欧关系：世界秩序与国家优势	2	Klaus W. Larres	20	23,43	8-9,11-15周	全外文授课	优先:苏世民书院学生选课；13:30-15:05上课,4月20、27日周五第二大节(10:40-12:15)加课。教室信息请于开课前登陆网络学堂查看公告
人文学院	80613823	0	中日近现代文学比较研究	3	王中忱	20	22	全周		可向外文系世文班本科生开放
美术学院	80800182	0	中外日用陶瓷装饰研究	2	王耀玲	10	13,14,33,3443,44,53,54	1-2周		限:美术学院、美术学专业学生选课
人文学院	60690021	0	中文专业素质与学术规范	1	张海明	25	23,24	9-13周		
建筑学院	80000332	0	中西建筑文化比较概论	2	王贵祥	50	52	全周		
人文学院	80690393	0	中西艺术与文化交流专题研讨	3	孙晶	20	12	全周	全外文授课	限:人文学院、留学生选课
社科学院	80700982	0	中西政治理论比较研究	2	任剑涛	10	35,36	前八周		
生命学院	90450041	0	肿瘤生物学专题讨论课	1	陈晔光	15	12	前八周	全外文授课	
美术学院	80801422	0	重彩绘画语言表现与研究	2	叶健	15	13,14,33,3443,44,53,54	1-2周		限:美术学院、美术学专业学生选课
建筑学院	80000822	0	住宅精细化设计	2	周燕珉	80	36	全周		
法学院	80661743	0	专利代理实务	3	刘国伟	50	25,26	全周	实践课	优先:法学院学生选课；研究生/高年级本科生,6:30-8:55上课
法学院	80661403	0	专利法专题研究	3	崔国斌	55	52	全周		优先:法学院学生选课；法学/法律硕士
经管学院	70510881	0	专利战略与创新	1	吕春燕	50	53	前八周		优先:经管学院学生选课
美术学院	80805003	0	专业实践(1)	3	张月	15	21,22,41,42	1-6周		限:美术学院、美术学专业学生选课
机械系	70120273	0	转子动力学	3	褚福磊	10	22,52	前八周		
核研院	81010052	0	资源管理与可持续发展前沿专题	2	张希良	30	41,42	前八周		
核研院	81010123	0	资源经济学及应用	3	鲁传一	40		全周	全外文授课	中法能源项目课程，非本项目学生勿选
马克思主义学院	60680021	1	自然辩证法概论	1	刘立	200	22	2-7周		
马克思主义学院	60680021	2	自然辩证法概论	1	高亮华	200	14,15	2-7周		
马克思主义学院	60680021	3	自然辩证法概论	1	王巍	200	14,15	2-7周		
马克思主义学院	60680021	4	自然辩证法概论	1	雷毅	200	14,15	2-7周		
马克思主义学院	60680021	5	自然辩证法概论	1	蒋劲松	200	14,15	2-7周		
马克思主义学院	60680021	6	自然辩证法概论	1	杨舰	200	22	2-7周		
社科学院	60680021	7	自然辩证法概论	1	雷毅	60	42	2-7周		传播工硕选课
社科学院	60680021	8	自然辩证法概论	1	雷毅	80		11-16周		
电子系	80230932	0	自然语言处理与文本挖掘	2	吴及	40	42	全周		具备较好的编程能力和算法设计能力,熟悉代数和概率论的基本知识
材料学院	80350603	0	自旋电子学材料与器件	3	宋成	50	46	全周		
人文学院	80614383	0	宗教学专题研究	3	朱东华	20	32	全周		
美术学院	80800692	0	综合材料创意表现	2	洪兴宇	20	33,34,53,54	9-12周		限:美术学院、美术学专业学生选课
自动化系	80250582	0	综合自动化理论与方法	2	黄德先	20	52	9-11周		
软件学院	74100043	0	组合数学	3	罗平	90	46	全周		优先:软件学院学生选课
经管学院	90510312	0	组织、环境、竞争优势	2	王毅	15	13,14	后八周		优先:经管学院学生选课
公管学院	80590962	0	组织变革与人力资源管理	2	沈群红	40	35,36	1-10周		限:公管学院学生选课
经管学院	90510783	0	组织管理研究的理论构建	3	杨百寅	30	31,32	1-12周		优先:经管学院学生选课
公管学院	70590573	0	组织理论I	3	刘求实	55	42	全周		限:公管学院学生选课
经管学院	90510663	0	组织设计与变革	3	杨灵	20	23,24	5-16周		优先:经管学院学生选课
社科学院	80612193	0	组织社会学	3	何晓斌	30	13,14	全周		
软件学院	69998051	0	最佳工程管理实践	1	顾明	13		前八周		MEM课程
自动化系	70250293	0	最优化理论与应用	3	王焕钢	80		前八周		限:工程硕士学生选课
自动化系	70250462	0	最优滤波理论及其应用	2	游科友	30	24	全周		
